INSERT INTO dbo.NIELSEN_TV_DAYPART (NIELSEN_DAYPART_ID, IS_HISPANIC, TIME_ZONE, NAME, NUMBER_QUARTER_HOURS, MIL_START_TIME, MIL_END_TIME, START_MINUTE, END_MINUTE, USE_SEGMENT, SUNDAY, MONDAY, TUESDAY, WEDNESDAY, THURSDAY, FRIDAY, SATURDAY, IS_INACTIVE) VALUES (10001000,0,'C','6:00am - 7:00am',4,600,700,360,420,1,0,1,1,1,1,1,0,0)
INSERT INTO dbo.NIELSEN_TV_DAYPART (NIELSEN_DAYPART_ID, IS_HISPANIC, TIME_ZONE, NAME, NUMBER_QUARTER_HOURS, MIL_START_TIME, MIL_END_TIME, START_MINUTE, END_MINUTE, USE_SEGMENT, SUNDAY, MONDAY, TUESDAY, WEDNESDAY, THURSDAY, FRIDAY, SATURDAY, IS_INACTIVE) VALUES (10001000,0,'E','6:00am - 7:00am',4,600,700,360,420,1,0,1,1,1,1,1,0,0)
INSERT INTO dbo.NIELSEN_TV_DAYPART (NIELSEN_DAYPART_ID, IS_HISPANIC, TIME_ZONE, NAME, NUMBER_QUARTER_HOURS, MIL_START_TIME, MIL_END_TIME, START_MINUTE, END_MINUTE, USE_SEGMENT, SUNDAY, MONDAY, TUESDAY, WEDNESDAY, THURSDAY, FRIDAY, SATURDAY, IS_INACTIVE) VALUES (10001000,1,'E','6:00 AM - 7:00 AM',4,600,700,360,420,1,0,1,1,1,1,1,0,0)
INSERT INTO dbo.NIELSEN_TV_DAYPART (NIELSEN_DAYPART_ID, IS_HISPANIC, TIME_ZONE, NAME, NUMBER_QUARTER_HOURS, MIL_START_TIME, MIL_END_TIME, START_MINUTE, END_MINUTE, USE_SEGMENT, SUNDAY, MONDAY, TUESDAY, WEDNESDAY, THURSDAY, FRIDAY, SATURDAY, IS_INACTIVE) VALUES (10010000,1,'E','3:00 PM - 4:00 PM',4,1500,1600,900,960,1,0,1,1,1,1,1,0,0)
INSERT INTO dbo.NIELSEN_TV_DAYPART (NIELSEN_DAYPART_ID, IS_HISPANIC, TIME_ZONE, NAME, NUMBER_QUARTER_HOURS, MIL_START_TIME, MIL_END_TIME, START_MINUTE, END_MINUTE, USE_SEGMENT, SUNDAY, MONDAY, TUESDAY, WEDNESDAY, THURSDAY, FRIDAY, SATURDAY, IS_INACTIVE) VALUES (10020000,0,'C','1:00am - 2:00am',4,2500,2600,1500,1560,0,0,1,1,1,1,1,0,0)
INSERT INTO dbo.NIELSEN_TV_DAYPART (NIELSEN_DAYPART_ID, IS_HISPANIC, TIME_ZONE, NAME, NUMBER_QUARTER_HOURS, MIL_START_TIME, MIL_END_TIME, START_MINUTE, END_MINUTE, USE_SEGMENT, SUNDAY, MONDAY, TUESDAY, WEDNESDAY, THURSDAY, FRIDAY, SATURDAY, IS_INACTIVE) VALUES (10020000,0,'E','1:00am - 2:00am',4,2500,2600,1500,1560,0,0,1,1,1,1,1,0,0)
INSERT INTO dbo.NIELSEN_TV_DAYPART (NIELSEN_DAYPART_ID, IS_HISPANIC, TIME_ZONE, NAME, NUMBER_QUARTER_HOURS, MIL_START_TIME, MIL_END_TIME, START_MINUTE, END_MINUTE, USE_SEGMENT, SUNDAY, MONDAY, TUESDAY, WEDNESDAY, THURSDAY, FRIDAY, SATURDAY, IS_INACTIVE) VALUES (10020210,0,'C','5:00am - 5:30am',2,500,530,300,330,1,0,1,1,1,1,1,0,0)
INSERT INTO dbo.NIELSEN_TV_DAYPART (NIELSEN_DAYPART_ID, IS_HISPANIC, TIME_ZONE, NAME, NUMBER_QUARTER_HOURS, MIL_START_TIME, MIL_END_TIME, START_MINUTE, END_MINUTE, USE_SEGMENT, SUNDAY, MONDAY, TUESDAY, WEDNESDAY, THURSDAY, FRIDAY, SATURDAY, IS_INACTIVE) VALUES (10020210,0,'E','5:00am - 5:30am',2,500,530,300,330,1,0,1,1,1,1,1,0,0)
INSERT INTO dbo.NIELSEN_TV_DAYPART (NIELSEN_DAYPART_ID, IS_HISPANIC, TIME_ZONE, NAME, NUMBER_QUARTER_HOURS, MIL_START_TIME, MIL_END_TIME, START_MINUTE, END_MINUTE, USE_SEGMENT, SUNDAY, MONDAY, TUESDAY, WEDNESDAY, THURSDAY, FRIDAY, SATURDAY, IS_INACTIVE) VALUES (10020210,1,'E','5:00 AM - 5:30 AM',2,500,530,300,330,1,0,1,1,1,1,1,0,0)
INSERT INTO dbo.NIELSEN_TV_DAYPART (NIELSEN_DAYPART_ID, IS_HISPANIC, TIME_ZONE, NAME, NUMBER_QUARTER_HOURS, MIL_START_TIME, MIL_END_TIME, START_MINUTE, END_MINUTE, USE_SEGMENT, SUNDAY, MONDAY, TUESDAY, WEDNESDAY, THURSDAY, FRIDAY, SATURDAY, IS_INACTIVE) VALUES (10020400,0,'C','5:00am - 6:00am',4,500,600,300,360,0,0,1,1,1,1,1,0,0)
INSERT INTO dbo.NIELSEN_TV_DAYPART (NIELSEN_DAYPART_ID, IS_HISPANIC, TIME_ZONE, NAME, NUMBER_QUARTER_HOURS, MIL_START_TIME, MIL_END_TIME, START_MINUTE, END_MINUTE, USE_SEGMENT, SUNDAY, MONDAY, TUESDAY, WEDNESDAY, THURSDAY, FRIDAY, SATURDAY, IS_INACTIVE) VALUES (10020400,0,'E','5:00am - 6:00am',4,500,600,300,360,0,0,1,1,1,1,1,0,0)
INSERT INTO dbo.NIELSEN_TV_DAYPART (NIELSEN_DAYPART_ID, IS_HISPANIC, TIME_ZONE, NAME, NUMBER_QUARTER_HOURS, MIL_START_TIME, MIL_END_TIME, START_MINUTE, END_MINUTE, USE_SEGMENT, SUNDAY, MONDAY, TUESDAY, WEDNESDAY, THURSDAY, FRIDAY, SATURDAY, IS_INACTIVE) VALUES (10020400,1,'E','5:00 AM - 6:00 AM',4,500,600,300,360,0,0,1,1,1,1,1,0,0)
INSERT INTO dbo.NIELSEN_TV_DAYPART (NIELSEN_DAYPART_ID, IS_HISPANIC, TIME_ZONE, NAME, NUMBER_QUARTER_HOURS, MIL_START_TIME, MIL_END_TIME, START_MINUTE, END_MINUTE, USE_SEGMENT, SUNDAY, MONDAY, TUESDAY, WEDNESDAY, THURSDAY, FRIDAY, SATURDAY, IS_INACTIVE) VALUES (10020435,0,'C','5:30am - 6:00am',2,530,600,330,360,1,0,1,1,1,1,1,0,0)
INSERT INTO dbo.NIELSEN_TV_DAYPART (NIELSEN_DAYPART_ID, IS_HISPANIC, TIME_ZONE, NAME, NUMBER_QUARTER_HOURS, MIL_START_TIME, MIL_END_TIME, START_MINUTE, END_MINUTE, USE_SEGMENT, SUNDAY, MONDAY, TUESDAY, WEDNESDAY, THURSDAY, FRIDAY, SATURDAY, IS_INACTIVE) VALUES (10020435,0,'E','5:30am - 6:00am',2,530,600,330,360,1,0,1,1,1,1,1,0,0)
INSERT INTO dbo.NIELSEN_TV_DAYPART (NIELSEN_DAYPART_ID, IS_HISPANIC, TIME_ZONE, NAME, NUMBER_QUARTER_HOURS, MIL_START_TIME, MIL_END_TIME, START_MINUTE, END_MINUTE, USE_SEGMENT, SUNDAY, MONDAY, TUESDAY, WEDNESDAY, THURSDAY, FRIDAY, SATURDAY, IS_INACTIVE) VALUES (10020435,1,'E','5:30 AM - 6:00 AM',2,530,600,330,360,1,0,1,1,1,1,1,0,0)
INSERT INTO dbo.NIELSEN_TV_DAYPART (NIELSEN_DAYPART_ID, IS_HISPANIC, TIME_ZONE, NAME, NUMBER_QUARTER_HOURS, MIL_START_TIME, MIL_END_TIME, START_MINUTE, END_MINUTE, USE_SEGMENT, SUNDAY, MONDAY, TUESDAY, WEDNESDAY, THURSDAY, FRIDAY, SATURDAY, IS_INACTIVE) VALUES (10020500,0,'C','6:00am - 9:00am',12,600,900,360,540,0,0,1,1,1,1,1,0,0)
INSERT INTO dbo.NIELSEN_TV_DAYPART (NIELSEN_DAYPART_ID, IS_HISPANIC, TIME_ZONE, NAME, NUMBER_QUARTER_HOURS, MIL_START_TIME, MIL_END_TIME, START_MINUTE, END_MINUTE, USE_SEGMENT, SUNDAY, MONDAY, TUESDAY, WEDNESDAY, THURSDAY, FRIDAY, SATURDAY, IS_INACTIVE) VALUES (10020500,0,'E','6:00am - 9:00am',12,600,900,360,540,0,0,1,1,1,1,1,0,0)
INSERT INTO dbo.NIELSEN_TV_DAYPART (NIELSEN_DAYPART_ID, IS_HISPANIC, TIME_ZONE, NAME, NUMBER_QUARTER_HOURS, MIL_START_TIME, MIL_END_TIME, START_MINUTE, END_MINUTE, USE_SEGMENT, SUNDAY, MONDAY, TUESDAY, WEDNESDAY, THURSDAY, FRIDAY, SATURDAY, IS_INACTIVE) VALUES (10020500,1,'E','6:00 AM - 9:00 AM',12,600,900,360,540,0,0,1,1,1,1,1,0,0)
INSERT INTO dbo.NIELSEN_TV_DAYPART (NIELSEN_DAYPART_ID, IS_HISPANIC, TIME_ZONE, NAME, NUMBER_QUARTER_HOURS, MIL_START_TIME, MIL_END_TIME, START_MINUTE, END_MINUTE, USE_SEGMENT, SUNDAY, MONDAY, TUESDAY, WEDNESDAY, THURSDAY, FRIDAY, SATURDAY, IS_INACTIVE) VALUES (10020580,1,'E','6:00 AM - 12:00 NN',24,600,1200,360,720,0,0,1,1,1,1,1,0,0)
INSERT INTO dbo.NIELSEN_TV_DAYPART (NIELSEN_DAYPART_ID, IS_HISPANIC, TIME_ZONE, NAME, NUMBER_QUARTER_HOURS, MIL_START_TIME, MIL_END_TIME, START_MINUTE, END_MINUTE, USE_SEGMENT, SUNDAY, MONDAY, TUESDAY, WEDNESDAY, THURSDAY, FRIDAY, SATURDAY, IS_INACTIVE) VALUES (10021900,1,'E','7:00 AM - 9:00 AM',8,700,900,420,540,1,0,1,1,1,1,1,0,0)
INSERT INTO dbo.NIELSEN_TV_DAYPART (NIELSEN_DAYPART_ID, IS_HISPANIC, TIME_ZONE, NAME, NUMBER_QUARTER_HOURS, MIL_START_TIME, MIL_END_TIME, START_MINUTE, END_MINUTE, USE_SEGMENT, SUNDAY, MONDAY, TUESDAY, WEDNESDAY, THURSDAY, FRIDAY, SATURDAY, IS_INACTIVE) VALUES (10022000,0,'C','7:00am - 9:00am',8,700,900,420,540,1,0,1,1,1,1,1,0,0)
INSERT INTO dbo.NIELSEN_TV_DAYPART (NIELSEN_DAYPART_ID, IS_HISPANIC, TIME_ZONE, NAME, NUMBER_QUARTER_HOURS, MIL_START_TIME, MIL_END_TIME, START_MINUTE, END_MINUTE, USE_SEGMENT, SUNDAY, MONDAY, TUESDAY, WEDNESDAY, THURSDAY, FRIDAY, SATURDAY, IS_INACTIVE) VALUES (10022000,0,'E','7:00am - 9:00am',8,700,900,420,540,1,0,1,1,1,1,1,0,0)
INSERT INTO dbo.NIELSEN_TV_DAYPART (NIELSEN_DAYPART_ID, IS_HISPANIC, TIME_ZONE, NAME, NUMBER_QUARTER_HOURS, MIL_START_TIME, MIL_END_TIME, START_MINUTE, END_MINUTE, USE_SEGMENT, SUNDAY, MONDAY, TUESDAY, WEDNESDAY, THURSDAY, FRIDAY, SATURDAY, IS_INACTIVE) VALUES (10022300,1,'E','7:30 AM - 9:00 AM',6,730,900,450,540,0,0,1,1,1,1,1,0,0)
INSERT INTO dbo.NIELSEN_TV_DAYPART (NIELSEN_DAYPART_ID, IS_HISPANIC, TIME_ZONE, NAME, NUMBER_QUARTER_HOURS, MIL_START_TIME, MIL_END_TIME, START_MINUTE, END_MINUTE, USE_SEGMENT, SUNDAY, MONDAY, TUESDAY, WEDNESDAY, THURSDAY, FRIDAY, SATURDAY, IS_INACTIVE) VALUES (10023000,0,'C','9:00am - Noon',12,900,1200,540,720,1,0,1,1,1,1,1,0,0)
INSERT INTO dbo.NIELSEN_TV_DAYPART (NIELSEN_DAYPART_ID, IS_HISPANIC, TIME_ZONE, NAME, NUMBER_QUARTER_HOURS, MIL_START_TIME, MIL_END_TIME, START_MINUTE, END_MINUTE, USE_SEGMENT, SUNDAY, MONDAY, TUESDAY, WEDNESDAY, THURSDAY, FRIDAY, SATURDAY, IS_INACTIVE) VALUES (10023000,0,'E','9:00am - Noon',12,900,1200,540,720,1,0,1,1,1,1,1,0,0)
INSERT INTO dbo.NIELSEN_TV_DAYPART (NIELSEN_DAYPART_ID, IS_HISPANIC, TIME_ZONE, NAME, NUMBER_QUARTER_HOURS, MIL_START_TIME, MIL_END_TIME, START_MINUTE, END_MINUTE, USE_SEGMENT, SUNDAY, MONDAY, TUESDAY, WEDNESDAY, THURSDAY, FRIDAY, SATURDAY, IS_INACTIVE) VALUES (10023000,1,'E','9:00 AM - 12:00 NN',12,900,1200,540,720,1,0,1,1,1,1,1,0,0)
INSERT INTO dbo.NIELSEN_TV_DAYPART (NIELSEN_DAYPART_ID, IS_HISPANIC, TIME_ZONE, NAME, NUMBER_QUARTER_HOURS, MIL_START_TIME, MIL_END_TIME, START_MINUTE, END_MINUTE, USE_SEGMENT, SUNDAY, MONDAY, TUESDAY, WEDNESDAY, THURSDAY, FRIDAY, SATURDAY, IS_INACTIVE) VALUES (10024000,0,'C','9:00am - 3:00pm',28,900,1600,540,960,0,0,1,1,1,1,1,0,0)
INSERT INTO dbo.NIELSEN_TV_DAYPART (NIELSEN_DAYPART_ID, IS_HISPANIC, TIME_ZONE, NAME, NUMBER_QUARTER_HOURS, MIL_START_TIME, MIL_END_TIME, START_MINUTE, END_MINUTE, USE_SEGMENT, SUNDAY, MONDAY, TUESDAY, WEDNESDAY, THURSDAY, FRIDAY, SATURDAY, IS_INACTIVE) VALUES (10024000,0,'E','9:00am - 4:00pm',28,900,1600,540,960,0,0,1,1,1,1,1,0,0)
INSERT INTO dbo.NIELSEN_TV_DAYPART (NIELSEN_DAYPART_ID, IS_HISPANIC, TIME_ZONE, NAME, NUMBER_QUARTER_HOURS, MIL_START_TIME, MIL_END_TIME, START_MINUTE, END_MINUTE, USE_SEGMENT, SUNDAY, MONDAY, TUESDAY, WEDNESDAY, THURSDAY, FRIDAY, SATURDAY, IS_INACTIVE) VALUES (10024000,1,'E','9:00 AM - 4:00 PM',28,900,1600,540,960,0,0,1,1,1,1,1,0,0)
INSERT INTO dbo.NIELSEN_TV_DAYPART (NIELSEN_DAYPART_ID, IS_HISPANIC, TIME_ZONE, NAME, NUMBER_QUARTER_HOURS, MIL_START_TIME, MIL_END_TIME, START_MINUTE, END_MINUTE, USE_SEGMENT, SUNDAY, MONDAY, TUESDAY, WEDNESDAY, THURSDAY, FRIDAY, SATURDAY, IS_INACTIVE) VALUES (10024800,1,'E','9:00 AM - 12:00 MD',60,900,2400,540,1440,0,0,1,1,1,1,1,0,0)
INSERT INTO dbo.NIELSEN_TV_DAYPART (NIELSEN_DAYPART_ID, IS_HISPANIC, TIME_ZONE, NAME, NUMBER_QUARTER_HOURS, MIL_START_TIME, MIL_END_TIME, START_MINUTE, END_MINUTE, USE_SEGMENT, SUNDAY, MONDAY, TUESDAY, WEDNESDAY, THURSDAY, FRIDAY, SATURDAY, IS_INACTIVE) VALUES (10026800,0,'E','Noon - 3:00pm',12,1200,1500,720,900,1,0,1,1,1,1,1,0,0)
INSERT INTO dbo.NIELSEN_TV_DAYPART (NIELSEN_DAYPART_ID, IS_HISPANIC, TIME_ZONE, NAME, NUMBER_QUARTER_HOURS, MIL_START_TIME, MIL_END_TIME, START_MINUTE, END_MINUTE, USE_SEGMENT, SUNDAY, MONDAY, TUESDAY, WEDNESDAY, THURSDAY, FRIDAY, SATURDAY, IS_INACTIVE) VALUES (10026800,1,'E','12:00 NN - 3:00 PM',12,1200,1500,720,900,1,0,1,1,1,1,1,0,0)
INSERT INTO dbo.NIELSEN_TV_DAYPART (NIELSEN_DAYPART_ID, IS_HISPANIC, TIME_ZONE, NAME, NUMBER_QUARTER_HOURS, MIL_START_TIME, MIL_END_TIME, START_MINUTE, END_MINUTE, USE_SEGMENT, SUNDAY, MONDAY, TUESDAY, WEDNESDAY, THURSDAY, FRIDAY, SATURDAY, IS_INACTIVE) VALUES (10027000,0,'C','Noon - 3:00pm',12,1200,1500,720,900,1,0,1,1,1,1,1,0,0)
INSERT INTO dbo.NIELSEN_TV_DAYPART (NIELSEN_DAYPART_ID, IS_HISPANIC, TIME_ZONE, NAME, NUMBER_QUARTER_HOURS, MIL_START_TIME, MIL_END_TIME, START_MINUTE, END_MINUTE, USE_SEGMENT, SUNDAY, MONDAY, TUESDAY, WEDNESDAY, THURSDAY, FRIDAY, SATURDAY, IS_INACTIVE) VALUES (10027000,0,'E','Noon - 4:00pm',16,1200,1600,720,960,0,0,1,1,1,1,1,0,0)
INSERT INTO dbo.NIELSEN_TV_DAYPART (NIELSEN_DAYPART_ID, IS_HISPANIC, TIME_ZONE, NAME, NUMBER_QUARTER_HOURS, MIL_START_TIME, MIL_END_TIME, START_MINUTE, END_MINUTE, USE_SEGMENT, SUNDAY, MONDAY, TUESDAY, WEDNESDAY, THURSDAY, FRIDAY, SATURDAY, IS_INACTIVE) VALUES (10027000,1,'E','12:00 NN - 4:00 PM',16,1200,1600,720,960,0,0,1,1,1,1,1,0,0)
INSERT INTO dbo.NIELSEN_TV_DAYPART (NIELSEN_DAYPART_ID, IS_HISPANIC, TIME_ZONE, NAME, NUMBER_QUARTER_HOURS, MIL_START_TIME, MIL_END_TIME, START_MINUTE, END_MINUTE, USE_SEGMENT, SUNDAY, MONDAY, TUESDAY, WEDNESDAY, THURSDAY, FRIDAY, SATURDAY, IS_INACTIVE) VALUES (10028000,0,'C','Noon - 3:30pm',18,1200,1630,720,990,0,0,1,1,1,1,1,0,0)
INSERT INTO dbo.NIELSEN_TV_DAYPART (NIELSEN_DAYPART_ID, IS_HISPANIC, TIME_ZONE, NAME, NUMBER_QUARTER_HOURS, MIL_START_TIME, MIL_END_TIME, START_MINUTE, END_MINUTE, USE_SEGMENT, SUNDAY, MONDAY, TUESDAY, WEDNESDAY, THURSDAY, FRIDAY, SATURDAY, IS_INACTIVE) VALUES (10028000,0,'E','Noon - 4:30pm',18,1200,1630,720,990,0,0,1,1,1,1,1,0,0)
INSERT INTO dbo.NIELSEN_TV_DAYPART (NIELSEN_DAYPART_ID, IS_HISPANIC, TIME_ZONE, NAME, NUMBER_QUARTER_HOURS, MIL_START_TIME, MIL_END_TIME, START_MINUTE, END_MINUTE, USE_SEGMENT, SUNDAY, MONDAY, TUESDAY, WEDNESDAY, THURSDAY, FRIDAY, SATURDAY, IS_INACTIVE) VALUES (10028200,1,'E','12:00 NN - 6:00 PM',24,1200,1800,720,1080,0,0,1,1,1,1,1,0,0)
INSERT INTO dbo.NIELSEN_TV_DAYPART (NIELSEN_DAYPART_ID, IS_HISPANIC, TIME_ZONE, NAME, NUMBER_QUARTER_HOURS, MIL_START_TIME, MIL_END_TIME, START_MINUTE, END_MINUTE, USE_SEGMENT, SUNDAY, MONDAY, TUESDAY, WEDNESDAY, THURSDAY, FRIDAY, SATURDAY, IS_INACTIVE) VALUES (10030000,0,'C','3:00pm - 5:00pm',8,1500,1700,900,1020,1,0,1,1,1,1,1,0,0)
INSERT INTO dbo.NIELSEN_TV_DAYPART (NIELSEN_DAYPART_ID, IS_HISPANIC, TIME_ZONE, NAME, NUMBER_QUARTER_HOURS, MIL_START_TIME, MIL_END_TIME, START_MINUTE, END_MINUTE, USE_SEGMENT, SUNDAY, MONDAY, TUESDAY, WEDNESDAY, THURSDAY, FRIDAY, SATURDAY, IS_INACTIVE) VALUES (10030000,0,'E','3:00pm - 5:00pm',8,1500,1700,900,1020,1,0,1,1,1,1,1,0,0)
INSERT INTO dbo.NIELSEN_TV_DAYPART (NIELSEN_DAYPART_ID, IS_HISPANIC, TIME_ZONE, NAME, NUMBER_QUARTER_HOURS, MIL_START_TIME, MIL_END_TIME, START_MINUTE, END_MINUTE, USE_SEGMENT, SUNDAY, MONDAY, TUESDAY, WEDNESDAY, THURSDAY, FRIDAY, SATURDAY, IS_INACTIVE) VALUES (10030700,1,'E','4:00 PM - 5:00 PM',4,1600,1700,960,1020,1,0,1,1,1,1,1,0,0)
INSERT INTO dbo.NIELSEN_TV_DAYPART (NIELSEN_DAYPART_ID, IS_HISPANIC, TIME_ZONE, NAME, NUMBER_QUARTER_HOURS, MIL_START_TIME, MIL_END_TIME, START_MINUTE, END_MINUTE, USE_SEGMENT, SUNDAY, MONDAY, TUESDAY, WEDNESDAY, THURSDAY, FRIDAY, SATURDAY, IS_INACTIVE) VALUES (10030900,0,'E','4:00pm - 6:00pm',8,1600,1800,960,1080,0,0,1,1,1,1,1,0,0)
INSERT INTO dbo.NIELSEN_TV_DAYPART (NIELSEN_DAYPART_ID, IS_HISPANIC, TIME_ZONE, NAME, NUMBER_QUARTER_HOURS, MIL_START_TIME, MIL_END_TIME, START_MINUTE, END_MINUTE, USE_SEGMENT, SUNDAY, MONDAY, TUESDAY, WEDNESDAY, THURSDAY, FRIDAY, SATURDAY, IS_INACTIVE) VALUES (10031000,0,'C','3:00pm - 5:00pm',8,1500,1700,900,1020,0,0,1,1,1,1,1,0,0)
INSERT INTO dbo.NIELSEN_TV_DAYPART (NIELSEN_DAYPART_ID, IS_HISPANIC, TIME_ZONE, NAME, NUMBER_QUARTER_HOURS, MIL_START_TIME, MIL_END_TIME, START_MINUTE, END_MINUTE, USE_SEGMENT, SUNDAY, MONDAY, TUESDAY, WEDNESDAY, THURSDAY, FRIDAY, SATURDAY, IS_INACTIVE) VALUES (10031000,0,'E','4:00pm - 6:00pm',8,1600,1800,960,1080,0,0,1,1,1,1,1,0,0)
INSERT INTO dbo.NIELSEN_TV_DAYPART (NIELSEN_DAYPART_ID, IS_HISPANIC, TIME_ZONE, NAME, NUMBER_QUARTER_HOURS, MIL_START_TIME, MIL_END_TIME, START_MINUTE, END_MINUTE, USE_SEGMENT, SUNDAY, MONDAY, TUESDAY, WEDNESDAY, THURSDAY, FRIDAY, SATURDAY, IS_INACTIVE) VALUES (10031000,1,'E','4:00 PM - 6:00 PM',8,1600,1800,960,1080,0,0,1,1,1,1,1,0,0)
INSERT INTO dbo.NIELSEN_TV_DAYPART (NIELSEN_DAYPART_ID, IS_HISPANIC, TIME_ZONE, NAME, NUMBER_QUARTER_HOURS, MIL_START_TIME, MIL_END_TIME, START_MINUTE, END_MINUTE, USE_SEGMENT, SUNDAY, MONDAY, TUESDAY, WEDNESDAY, THURSDAY, FRIDAY, SATURDAY, IS_INACTIVE) VALUES (10031600,1,'E','4:00 PM - 7:00 PM',12,1600,1900,960,1140,0,0,1,1,1,1,1,0,0)
INSERT INTO dbo.NIELSEN_TV_DAYPART (NIELSEN_DAYPART_ID, IS_HISPANIC, TIME_ZONE, NAME, NUMBER_QUARTER_HOURS, MIL_START_TIME, MIL_END_TIME, START_MINUTE, END_MINUTE, USE_SEGMENT, SUNDAY, MONDAY, TUESDAY, WEDNESDAY, THURSDAY, FRIDAY, SATURDAY, IS_INACTIVE) VALUES (10032000,0,'C','3:00pm - 6:30pm',14,1500,1830,900,1110,0,0,1,1,1,1,1,0,0)
INSERT INTO dbo.NIELSEN_TV_DAYPART (NIELSEN_DAYPART_ID, IS_HISPANIC, TIME_ZONE, NAME, NUMBER_QUARTER_HOURS, MIL_START_TIME, MIL_END_TIME, START_MINUTE, END_MINUTE, USE_SEGMENT, SUNDAY, MONDAY, TUESDAY, WEDNESDAY, THURSDAY, FRIDAY, SATURDAY, IS_INACTIVE) VALUES (10032000,0,'E','4:00pm - 7:30pm',14,1600,1930,960,1170,0,0,1,1,1,1,1,0,0)
INSERT INTO dbo.NIELSEN_TV_DAYPART (NIELSEN_DAYPART_ID, IS_HISPANIC, TIME_ZONE, NAME, NUMBER_QUARTER_HOURS, MIL_START_TIME, MIL_END_TIME, START_MINUTE, END_MINUTE, USE_SEGMENT, SUNDAY, MONDAY, TUESDAY, WEDNESDAY, THURSDAY, FRIDAY, SATURDAY, IS_INACTIVE) VALUES (10033400,0,'C','4:00pm - 5:00pm',4,1600,1700,960,1020,0,0,1,1,1,1,1,0,0)
INSERT INTO dbo.NIELSEN_TV_DAYPART (NIELSEN_DAYPART_ID, IS_HISPANIC, TIME_ZONE, NAME, NUMBER_QUARTER_HOURS, MIL_START_TIME, MIL_END_TIME, START_MINUTE, END_MINUTE, USE_SEGMENT, SUNDAY, MONDAY, TUESDAY, WEDNESDAY, THURSDAY, FRIDAY, SATURDAY, IS_INACTIVE) VALUES (10033400,0,'E','5:00pm - 6:00pm',4,1700,1800,1020,1080,1,0,1,1,1,1,1,0,0)
INSERT INTO dbo.NIELSEN_TV_DAYPART (NIELSEN_DAYPART_ID, IS_HISPANIC, TIME_ZONE, NAME, NUMBER_QUARTER_HOURS, MIL_START_TIME, MIL_END_TIME, START_MINUTE, END_MINUTE, USE_SEGMENT, SUNDAY, MONDAY, TUESDAY, WEDNESDAY, THURSDAY, FRIDAY, SATURDAY, IS_INACTIVE) VALUES (10033400,1,'E','5:00 PM - 6:00 PM',4,1700,1800,1020,1080,1,0,1,1,1,1,1,0,0)
INSERT INTO dbo.NIELSEN_TV_DAYPART (NIELSEN_DAYPART_ID, IS_HISPANIC, TIME_ZONE, NAME, NUMBER_QUARTER_HOURS, MIL_START_TIME, MIL_END_TIME, START_MINUTE, END_MINUTE, USE_SEGMENT, SUNDAY, MONDAY, TUESDAY, WEDNESDAY, THURSDAY, FRIDAY, SATURDAY, IS_INACTIVE) VALUES (10033500,1,'E','5:00 PM - 7:00 PM',8,1700,1900,1020,1140,0,0,1,1,1,1,1,0,0)
INSERT INTO dbo.NIELSEN_TV_DAYPART (NIELSEN_DAYPART_ID, IS_HISPANIC, TIME_ZONE, NAME, NUMBER_QUARTER_HOURS, MIL_START_TIME, MIL_END_TIME, START_MINUTE, END_MINUTE, USE_SEGMENT, SUNDAY, MONDAY, TUESDAY, WEDNESDAY, THURSDAY, FRIDAY, SATURDAY, IS_INACTIVE) VALUES (10035000,0,'C','5:00pm - 5:30pm',2,1700,1730,1020,1050,0,0,1,1,1,1,1,0,0)
INSERT INTO dbo.NIELSEN_TV_DAYPART (NIELSEN_DAYPART_ID, IS_HISPANIC, TIME_ZONE, NAME, NUMBER_QUARTER_HOURS, MIL_START_TIME, MIL_END_TIME, START_MINUTE, END_MINUTE, USE_SEGMENT, SUNDAY, MONDAY, TUESDAY, WEDNESDAY, THURSDAY, FRIDAY, SATURDAY, IS_INACTIVE) VALUES (10035000,0,'E','6:00pm - 6:30pm',2,1800,1830,1080,1110,0,0,1,1,1,1,1,0,0)
INSERT INTO dbo.NIELSEN_TV_DAYPART (NIELSEN_DAYPART_ID, IS_HISPANIC, TIME_ZONE, NAME, NUMBER_QUARTER_HOURS, MIL_START_TIME, MIL_END_TIME, START_MINUTE, END_MINUTE, USE_SEGMENT, SUNDAY, MONDAY, TUESDAY, WEDNESDAY, THURSDAY, FRIDAY, SATURDAY, IS_INACTIVE) VALUES (10035000,1,'E','6:00 PM - 6:30 PM',2,1800,1830,1080,1110,1,0,1,1,1,1,1,0,0)
INSERT INTO dbo.NIELSEN_TV_DAYPART (NIELSEN_DAYPART_ID, IS_HISPANIC, TIME_ZONE, NAME, NUMBER_QUARTER_HOURS, MIL_START_TIME, MIL_END_TIME, START_MINUTE, END_MINUTE, USE_SEGMENT, SUNDAY, MONDAY, TUESDAY, WEDNESDAY, THURSDAY, FRIDAY, SATURDAY, IS_INACTIVE) VALUES (10035400,1,'E','6:00 PM - 7:00 PM',4,1800,1900,1080,1140,0,0,1,1,1,1,1,0,0)
INSERT INTO dbo.NIELSEN_TV_DAYPART (NIELSEN_DAYPART_ID, IS_HISPANIC, TIME_ZONE, NAME, NUMBER_QUARTER_HOURS, MIL_START_TIME, MIL_END_TIME, START_MINUTE, END_MINUTE, USE_SEGMENT, SUNDAY, MONDAY, TUESDAY, WEDNESDAY, THURSDAY, FRIDAY, SATURDAY, IS_INACTIVE) VALUES (10036000,0,'C','5:00pm - 6:30pm',6,1700,1830,1020,1110,1,0,1,1,1,1,1,0,0)
INSERT INTO dbo.NIELSEN_TV_DAYPART (NIELSEN_DAYPART_ID, IS_HISPANIC, TIME_ZONE, NAME, NUMBER_QUARTER_HOURS, MIL_START_TIME, MIL_END_TIME, START_MINUTE, END_MINUTE, USE_SEGMENT, SUNDAY, MONDAY, TUESDAY, WEDNESDAY, THURSDAY, FRIDAY, SATURDAY, IS_INACTIVE) VALUES (10036000,0,'E','6:00pm - 7:30pm',6,1800,1930,1080,1170,1,0,1,1,1,1,1,0,0)
INSERT INTO dbo.NIELSEN_TV_DAYPART (NIELSEN_DAYPART_ID, IS_HISPANIC, TIME_ZONE, NAME, NUMBER_QUARTER_HOURS, MIL_START_TIME, MIL_END_TIME, START_MINUTE, END_MINUTE, USE_SEGMENT, SUNDAY, MONDAY, TUESDAY, WEDNESDAY, THURSDAY, FRIDAY, SATURDAY, IS_INACTIVE) VALUES (10037000,0,'C','5:00pm - 7:00pm',8,1700,1900,1020,1140,0,0,1,1,1,1,1,0,0)
INSERT INTO dbo.NIELSEN_TV_DAYPART (NIELSEN_DAYPART_ID, IS_HISPANIC, TIME_ZONE, NAME, NUMBER_QUARTER_HOURS, MIL_START_TIME, MIL_END_TIME, START_MINUTE, END_MINUTE, USE_SEGMENT, SUNDAY, MONDAY, TUESDAY, WEDNESDAY, THURSDAY, FRIDAY, SATURDAY, IS_INACTIVE) VALUES (10037000,0,'E','6:00pm - 8:00pm',8,1800,2000,1080,1200,0,0,1,1,1,1,1,0,0)
INSERT INTO dbo.NIELSEN_TV_DAYPART (NIELSEN_DAYPART_ID, IS_HISPANIC, TIME_ZONE, NAME, NUMBER_QUARTER_HOURS, MIL_START_TIME, MIL_END_TIME, START_MINUTE, END_MINUTE, USE_SEGMENT, SUNDAY, MONDAY, TUESDAY, WEDNESDAY, THURSDAY, FRIDAY, SATURDAY, IS_INACTIVE) VALUES (10038000,1,'E','6:30 PM - 7:00 PM',2,1830,1900,1110,1140,1,0,1,1,1,1,1,0,0)
INSERT INTO dbo.NIELSEN_TV_DAYPART (NIELSEN_DAYPART_ID, IS_HISPANIC, TIME_ZONE, NAME, NUMBER_QUARTER_HOURS, MIL_START_TIME, MIL_END_TIME, START_MINUTE, END_MINUTE, USE_SEGMENT, SUNDAY, MONDAY, TUESDAY, WEDNESDAY, THURSDAY, FRIDAY, SATURDAY, IS_INACTIVE) VALUES (10039000,0,'C','6:00pm - 6:30pm',2,1800,1830,1080,1110,0,0,1,1,1,1,1,0,0)
INSERT INTO dbo.NIELSEN_TV_DAYPART (NIELSEN_DAYPART_ID, IS_HISPANIC, TIME_ZONE, NAME, NUMBER_QUARTER_HOURS, MIL_START_TIME, MIL_END_TIME, START_MINUTE, END_MINUTE, USE_SEGMENT, SUNDAY, MONDAY, TUESDAY, WEDNESDAY, THURSDAY, FRIDAY, SATURDAY, IS_INACTIVE) VALUES (10039000,0,'E','7:00pm -7:30pm',2,1900,1930,1140,1170,0,0,1,1,1,1,1,0,0)
INSERT INTO dbo.NIELSEN_TV_DAYPART (NIELSEN_DAYPART_ID, IS_HISPANIC, TIME_ZONE, NAME, NUMBER_QUARTER_HOURS, MIL_START_TIME, MIL_END_TIME, START_MINUTE, END_MINUTE, USE_SEGMENT, SUNDAY, MONDAY, TUESDAY, WEDNESDAY, THURSDAY, FRIDAY, SATURDAY, IS_INACTIVE) VALUES (10039600,1,'E','7:00 PM - 8:00 PM',4,1900,2000,1140,1200,1,0,1,1,1,1,1,0,0)
INSERT INTO dbo.NIELSEN_TV_DAYPART (NIELSEN_DAYPART_ID, IS_HISPANIC, TIME_ZONE, NAME, NUMBER_QUARTER_HOURS, MIL_START_TIME, MIL_END_TIME, START_MINUTE, END_MINUTE, USE_SEGMENT, SUNDAY, MONDAY, TUESDAY, WEDNESDAY, THURSDAY, FRIDAY, SATURDAY, IS_INACTIVE) VALUES (10039650,1,'E','7:00 PM - 9:00 PM',8,1900,2100,1140,1260,0,0,1,1,1,1,1,0,0)
INSERT INTO dbo.NIELSEN_TV_DAYPART (NIELSEN_DAYPART_ID, IS_HISPANIC, TIME_ZONE, NAME, NUMBER_QUARTER_HOURS, MIL_START_TIME, MIL_END_TIME, START_MINUTE, END_MINUTE, USE_SEGMENT, SUNDAY, MONDAY, TUESDAY, WEDNESDAY, THURSDAY, FRIDAY, SATURDAY, IS_INACTIVE) VALUES (10039675,0,'E','7:00pm - 10:00pm',12,1900,2200,1140,1320,0,0,1,1,1,1,1,0,0)
INSERT INTO dbo.NIELSEN_TV_DAYPART (NIELSEN_DAYPART_ID, IS_HISPANIC, TIME_ZONE, NAME, NUMBER_QUARTER_HOURS, MIL_START_TIME, MIL_END_TIME, START_MINUTE, END_MINUTE, USE_SEGMENT, SUNDAY, MONDAY, TUESDAY, WEDNESDAY, THURSDAY, FRIDAY, SATURDAY, IS_INACTIVE) VALUES (10039680,1,'E','7:00 PM - 10:00 PM',12,1900,2200,1140,1320,0,0,1,1,1,1,1,0,0)
INSERT INTO dbo.NIELSEN_TV_DAYPART (NIELSEN_DAYPART_ID, IS_HISPANIC, TIME_ZONE, NAME, NUMBER_QUARTER_HOURS, MIL_START_TIME, MIL_END_TIME, START_MINUTE, END_MINUTE, USE_SEGMENT, SUNDAY, MONDAY, TUESDAY, WEDNESDAY, THURSDAY, FRIDAY, SATURDAY, IS_INACTIVE) VALUES (10039700,1,'E','7:00 PM - 11:00 PM',16,1900,2300,1140,1380,0,0,1,1,1,1,1,0,0)
INSERT INTO dbo.NIELSEN_TV_DAYPART (NIELSEN_DAYPART_ID, IS_HISPANIC, TIME_ZONE, NAME, NUMBER_QUARTER_HOURS, MIL_START_TIME, MIL_END_TIME, START_MINUTE, END_MINUTE, USE_SEGMENT, SUNDAY, MONDAY, TUESDAY, WEDNESDAY, THURSDAY, FRIDAY, SATURDAY, IS_INACTIVE) VALUES (10039720,1,'E','7:00 PM - 12:00 MD',20,1900,2400,1140,1440,0,0,1,1,1,1,1,0,0)
INSERT INTO dbo.NIELSEN_TV_DAYPART (NIELSEN_DAYPART_ID, IS_HISPANIC, TIME_ZONE, NAME, NUMBER_QUARTER_HOURS, MIL_START_TIME, MIL_END_TIME, START_MINUTE, END_MINUTE, USE_SEGMENT, SUNDAY, MONDAY, TUESDAY, WEDNESDAY, THURSDAY, FRIDAY, SATURDAY, IS_INACTIVE) VALUES (10040000,0,'C','6:30pm - 7:00pm',2,1830,1900,1110,1140,1,0,1,1,1,1,1,0,0)
INSERT INTO dbo.NIELSEN_TV_DAYPART (NIELSEN_DAYPART_ID, IS_HISPANIC, TIME_ZONE, NAME, NUMBER_QUARTER_HOURS, MIL_START_TIME, MIL_END_TIME, START_MINUTE, END_MINUTE, USE_SEGMENT, SUNDAY, MONDAY, TUESDAY, WEDNESDAY, THURSDAY, FRIDAY, SATURDAY, IS_INACTIVE) VALUES (10040000,0,'E','7:30pm - 8:00pm',2,1930,2000,1170,1200,1,0,1,1,1,1,1,0,0)
INSERT INTO dbo.NIELSEN_TV_DAYPART (NIELSEN_DAYPART_ID, IS_HISPANIC, TIME_ZONE, NAME, NUMBER_QUARTER_HOURS, MIL_START_TIME, MIL_END_TIME, START_MINUTE, END_MINUTE, USE_SEGMENT, SUNDAY, MONDAY, TUESDAY, WEDNESDAY, THURSDAY, FRIDAY, SATURDAY, IS_INACTIVE) VALUES (10040650,1,'E','8:00 PM - 9:00 PM',4,2000,2100,1200,1260,0,0,1,1,1,1,1,0,0)
INSERT INTO dbo.NIELSEN_TV_DAYPART (NIELSEN_DAYPART_ID, IS_HISPANIC, TIME_ZONE, NAME, NUMBER_QUARTER_HOURS, MIL_START_TIME, MIL_END_TIME, START_MINUTE, END_MINUTE, USE_SEGMENT, SUNDAY, MONDAY, TUESDAY, WEDNESDAY, THURSDAY, FRIDAY, SATURDAY, IS_INACTIVE) VALUES (10040800,0,'C','7:00pm - 9:00pm',8,1900,2100,1140,1260,1,0,1,1,1,1,1,0,0)
INSERT INTO dbo.NIELSEN_TV_DAYPART (NIELSEN_DAYPART_ID, IS_HISPANIC, TIME_ZONE, NAME, NUMBER_QUARTER_HOURS, MIL_START_TIME, MIL_END_TIME, START_MINUTE, END_MINUTE, USE_SEGMENT, SUNDAY, MONDAY, TUESDAY, WEDNESDAY, THURSDAY, FRIDAY, SATURDAY, IS_INACTIVE) VALUES (10040800,0,'E','8:00pm - 10:00pm',8,2000,2200,1200,1320,1,0,1,1,1,1,1,0,0)
INSERT INTO dbo.NIELSEN_TV_DAYPART (NIELSEN_DAYPART_ID, IS_HISPANIC, TIME_ZONE, NAME, NUMBER_QUARTER_HOURS, MIL_START_TIME, MIL_END_TIME, START_MINUTE, END_MINUTE, USE_SEGMENT, SUNDAY, MONDAY, TUESDAY, WEDNESDAY, THURSDAY, FRIDAY, SATURDAY, IS_INACTIVE) VALUES (10040800,1,'E','8:00 PM - 10:00 PM',8,2000,2200,1200,1320,1,0,1,1,1,1,1,0,0)
INSERT INTO dbo.NIELSEN_TV_DAYPART (NIELSEN_DAYPART_ID, IS_HISPANIC, TIME_ZONE, NAME, NUMBER_QUARTER_HOURS, MIL_START_TIME, MIL_END_TIME, START_MINUTE, END_MINUTE, USE_SEGMENT, SUNDAY, MONDAY, TUESDAY, WEDNESDAY, THURSDAY, FRIDAY, SATURDAY, IS_INACTIVE) VALUES (10041000,0,'C','7:00pm - 10:00pm',12,1900,2200,1140,1320,0,0,1,1,1,1,1,0,0)
INSERT INTO dbo.NIELSEN_TV_DAYPART (NIELSEN_DAYPART_ID, IS_HISPANIC, TIME_ZONE, NAME, NUMBER_QUARTER_HOURS, MIL_START_TIME, MIL_END_TIME, START_MINUTE, END_MINUTE, USE_SEGMENT, SUNDAY, MONDAY, TUESDAY, WEDNESDAY, THURSDAY, FRIDAY, SATURDAY, IS_INACTIVE) VALUES (10041000,0,'E','8:00pm - 11:00pm',12,2000,2300,1200,1380,0,0,1,1,1,1,1,0,0)
INSERT INTO dbo.NIELSEN_TV_DAYPART (NIELSEN_DAYPART_ID, IS_HISPANIC, TIME_ZONE, NAME, NUMBER_QUARTER_HOURS, MIL_START_TIME, MIL_END_TIME, START_MINUTE, END_MINUTE, USE_SEGMENT, SUNDAY, MONDAY, TUESDAY, WEDNESDAY, THURSDAY, FRIDAY, SATURDAY, IS_INACTIVE) VALUES (10041000,1,'E','8:00 PM - 11:00 PM',12,2000,2300,1200,1380,0,0,1,1,1,1,1,0,0)
INSERT INTO dbo.NIELSEN_TV_DAYPART (NIELSEN_DAYPART_ID, IS_HISPANIC, TIME_ZONE, NAME, NUMBER_QUARTER_HOURS, MIL_START_TIME, MIL_END_TIME, START_MINUTE, END_MINUTE, USE_SEGMENT, SUNDAY, MONDAY, TUESDAY, WEDNESDAY, THURSDAY, FRIDAY, SATURDAY, IS_INACTIVE) VALUES (10041450,0,'C','8:00pm - 10:00pm',8,2000,2200,1200,1320,0,0,1,1,1,1,1,0,0)
INSERT INTO dbo.NIELSEN_TV_DAYPART (NIELSEN_DAYPART_ID, IS_HISPANIC, TIME_ZONE, NAME, NUMBER_QUARTER_HOURS, MIL_START_TIME, MIL_END_TIME, START_MINUTE, END_MINUTE, USE_SEGMENT, SUNDAY, MONDAY, TUESDAY, WEDNESDAY, THURSDAY, FRIDAY, SATURDAY, IS_INACTIVE) VALUES (10042000,1,'E','9:00 PM - 11:00 PM',8,2100,2300,1260,1380,0,0,1,1,1,1,1,0,0)
INSERT INTO dbo.NIELSEN_TV_DAYPART (NIELSEN_DAYPART_ID, IS_HISPANIC, TIME_ZONE, NAME, NUMBER_QUARTER_HOURS, MIL_START_TIME, MIL_END_TIME, START_MINUTE, END_MINUTE, USE_SEGMENT, SUNDAY, MONDAY, TUESDAY, WEDNESDAY, THURSDAY, FRIDAY, SATURDAY, IS_INACTIVE) VALUES (10042375,0,'E','10:00pm - 10:30pm',2,2200,2230,1320,1350,1,0,1,1,1,1,1,0,0)
INSERT INTO dbo.NIELSEN_TV_DAYPART (NIELSEN_DAYPART_ID, IS_HISPANIC, TIME_ZONE, NAME, NUMBER_QUARTER_HOURS, MIL_START_TIME, MIL_END_TIME, START_MINUTE, END_MINUTE, USE_SEGMENT, SUNDAY, MONDAY, TUESDAY, WEDNESDAY, THURSDAY, FRIDAY, SATURDAY, IS_INACTIVE) VALUES (10042375,1,'E','10:00 PM - 10:30 PM',2,2200,2230,1320,1350,0,0,1,1,1,1,1,0,0)
INSERT INTO dbo.NIELSEN_TV_DAYPART (NIELSEN_DAYPART_ID, IS_HISPANIC, TIME_ZONE, NAME, NUMBER_QUARTER_HOURS, MIL_START_TIME, MIL_END_TIME, START_MINUTE, END_MINUTE, USE_SEGMENT, SUNDAY, MONDAY, TUESDAY, WEDNESDAY, THURSDAY, FRIDAY, SATURDAY, IS_INACTIVE) VALUES (10042500,0,'C','9:00pm - 10:00pm',4,2100,2200,1260,1320,1,0,1,1,1,1,1,0,0)
INSERT INTO dbo.NIELSEN_TV_DAYPART (NIELSEN_DAYPART_ID, IS_HISPANIC, TIME_ZONE, NAME, NUMBER_QUARTER_HOURS, MIL_START_TIME, MIL_END_TIME, START_MINUTE, END_MINUTE, USE_SEGMENT, SUNDAY, MONDAY, TUESDAY, WEDNESDAY, THURSDAY, FRIDAY, SATURDAY, IS_INACTIVE) VALUES (10042500,0,'E','10:00pm - 11:00pm',4,2200,2300,1320,1380,0,0,1,1,1,1,1,0,0)
INSERT INTO dbo.NIELSEN_TV_DAYPART (NIELSEN_DAYPART_ID, IS_HISPANIC, TIME_ZONE, NAME, NUMBER_QUARTER_HOURS, MIL_START_TIME, MIL_END_TIME, START_MINUTE, END_MINUTE, USE_SEGMENT, SUNDAY, MONDAY, TUESDAY, WEDNESDAY, THURSDAY, FRIDAY, SATURDAY, IS_INACTIVE) VALUES (10042500,1,'E','10:00 PM - 11:00 PM',4,2200,2300,1320,1380,1,0,1,1,1,1,1,0,0)
INSERT INTO dbo.NIELSEN_TV_DAYPART (NIELSEN_DAYPART_ID, IS_HISPANIC, TIME_ZONE, NAME, NUMBER_QUARTER_HOURS, MIL_START_TIME, MIL_END_TIME, START_MINUTE, END_MINUTE, USE_SEGMENT, SUNDAY, MONDAY, TUESDAY, WEDNESDAY, THURSDAY, FRIDAY, SATURDAY, IS_INACTIVE) VALUES (10042675,0,'E','10:30pm - 11:00pm',2,2230,2300,1350,1380,1,0,1,1,1,1,1,0,0)
INSERT INTO dbo.NIELSEN_TV_DAYPART (NIELSEN_DAYPART_ID, IS_HISPANIC, TIME_ZONE, NAME, NUMBER_QUARTER_HOURS, MIL_START_TIME, MIL_END_TIME, START_MINUTE, END_MINUTE, USE_SEGMENT, SUNDAY, MONDAY, TUESDAY, WEDNESDAY, THURSDAY, FRIDAY, SATURDAY, IS_INACTIVE) VALUES (10042675,1,'E','10:30 PM - 11:00 PM',2,2230,2300,1350,1380,0,0,1,1,1,1,1,0,0)
INSERT INTO dbo.NIELSEN_TV_DAYPART (NIELSEN_DAYPART_ID, IS_HISPANIC, TIME_ZONE, NAME, NUMBER_QUARTER_HOURS, MIL_START_TIME, MIL_END_TIME, START_MINUTE, END_MINUTE, USE_SEGMENT, SUNDAY, MONDAY, TUESDAY, WEDNESDAY, THURSDAY, FRIDAY, SATURDAY, IS_INACTIVE) VALUES (10043000,0,'C','10:00pm - 10:30pm',2,2200,2230,1320,1350,1,0,1,1,1,1,1,0,0)
INSERT INTO dbo.NIELSEN_TV_DAYPART (NIELSEN_DAYPART_ID, IS_HISPANIC, TIME_ZONE, NAME, NUMBER_QUARTER_HOURS, MIL_START_TIME, MIL_END_TIME, START_MINUTE, END_MINUTE, USE_SEGMENT, SUNDAY, MONDAY, TUESDAY, WEDNESDAY, THURSDAY, FRIDAY, SATURDAY, IS_INACTIVE) VALUES (10043000,0,'E','11:00pm - 11:30pm',2,2300,2330,1380,1410,1,0,1,1,1,1,1,0,0)
INSERT INTO dbo.NIELSEN_TV_DAYPART (NIELSEN_DAYPART_ID, IS_HISPANIC, TIME_ZONE, NAME, NUMBER_QUARTER_HOURS, MIL_START_TIME, MIL_END_TIME, START_MINUTE, END_MINUTE, USE_SEGMENT, SUNDAY, MONDAY, TUESDAY, WEDNESDAY, THURSDAY, FRIDAY, SATURDAY, IS_INACTIVE) VALUES (10043000,1,'E','11:00 PM - 11:30 PM',2,2300,2330,1380,1410,0,0,1,1,1,1,1,0,0)
INSERT INTO dbo.NIELSEN_TV_DAYPART (NIELSEN_DAYPART_ID, IS_HISPANIC, TIME_ZONE, NAME, NUMBER_QUARTER_HOURS, MIL_START_TIME, MIL_END_TIME, START_MINUTE, END_MINUTE, USE_SEGMENT, SUNDAY, MONDAY, TUESDAY, WEDNESDAY, THURSDAY, FRIDAY, SATURDAY, IS_INACTIVE) VALUES (10043500,0,'E','11:00pm - MIDNGT',4,2300,2400,1380,1440,0,0,1,1,1,1,1,0,0)
INSERT INTO dbo.NIELSEN_TV_DAYPART (NIELSEN_DAYPART_ID, IS_HISPANIC, TIME_ZONE, NAME, NUMBER_QUARTER_HOURS, MIL_START_TIME, MIL_END_TIME, START_MINUTE, END_MINUTE, USE_SEGMENT, SUNDAY, MONDAY, TUESDAY, WEDNESDAY, THURSDAY, FRIDAY, SATURDAY, IS_INACTIVE) VALUES (10043500,1,'E','11:00 PM - 12:00 MD',4,2300,2400,1380,1440,1,0,1,1,1,1,1,0,0)
INSERT INTO dbo.NIELSEN_TV_DAYPART (NIELSEN_DAYPART_ID, IS_HISPANIC, TIME_ZONE, NAME, NUMBER_QUARTER_HOURS, MIL_START_TIME, MIL_END_TIME, START_MINUTE, END_MINUTE, USE_SEGMENT, SUNDAY, MONDAY, TUESDAY, WEDNESDAY, THURSDAY, FRIDAY, SATURDAY, IS_INACTIVE) VALUES (10044100,1,'E','11:00 PM - 2:00 AM',12,2300,2600,1380,1560,0,0,1,1,1,1,1,0,0)
INSERT INTO dbo.NIELSEN_TV_DAYPART (NIELSEN_DAYPART_ID, IS_HISPANIC, TIME_ZONE, NAME, NUMBER_QUARTER_HOURS, MIL_START_TIME, MIL_END_TIME, START_MINUTE, END_MINUTE, USE_SEGMENT, SUNDAY, MONDAY, TUESDAY, WEDNESDAY, THURSDAY, FRIDAY, SATURDAY, IS_INACTIVE) VALUES (10045000,0,'C','10:30pm - MIDNGT',6,2230,2400,1350,1440,1,0,1,1,1,1,1,0,0)
INSERT INTO dbo.NIELSEN_TV_DAYPART (NIELSEN_DAYPART_ID, IS_HISPANIC, TIME_ZONE, NAME, NUMBER_QUARTER_HOURS, MIL_START_TIME, MIL_END_TIME, START_MINUTE, END_MINUTE, USE_SEGMENT, SUNDAY, MONDAY, TUESDAY, WEDNESDAY, THURSDAY, FRIDAY, SATURDAY, IS_INACTIVE) VALUES (10045000,0,'E','11:30pm - 1:00am',6,2330,2500,1410,1500,1,0,1,1,1,1,1,0,0)
INSERT INTO dbo.NIELSEN_TV_DAYPART (NIELSEN_DAYPART_ID, IS_HISPANIC, TIME_ZONE, NAME, NUMBER_QUARTER_HOURS, MIL_START_TIME, MIL_END_TIME, START_MINUTE, END_MINUTE, USE_SEGMENT, SUNDAY, MONDAY, TUESDAY, WEDNESDAY, THURSDAY, FRIDAY, SATURDAY, IS_INACTIVE) VALUES (10045025,1,'E','11:30 PM - 1:30 AM',10,2300,2530,1380,1530,0,0,1,1,1,1,1,0,0)
INSERT INTO dbo.NIELSEN_TV_DAYPART (NIELSEN_DAYPART_ID, IS_HISPANIC, TIME_ZONE, NAME, NUMBER_QUARTER_HOURS, MIL_START_TIME, MIL_END_TIME, START_MINUTE, END_MINUTE, USE_SEGMENT, SUNDAY, MONDAY, TUESDAY, WEDNESDAY, THURSDAY, FRIDAY, SATURDAY, IS_INACTIVE) VALUES (10045050,0,'C','11:30pm - 1:00am',6,2330,2500,1410,1500,0,0,1,1,1,1,1,0,0)
INSERT INTO dbo.NIELSEN_TV_DAYPART (NIELSEN_DAYPART_ID, IS_HISPANIC, TIME_ZONE, NAME, NUMBER_QUARTER_HOURS, MIL_START_TIME, MIL_END_TIME, START_MINUTE, END_MINUTE, USE_SEGMENT, SUNDAY, MONDAY, TUESDAY, WEDNESDAY, THURSDAY, FRIDAY, SATURDAY, IS_INACTIVE) VALUES (10045300,0,'C','11:00pm - 11:30pm',2,2300,2330,1380,1410,0,0,1,1,1,1,1,0,0)
INSERT INTO dbo.NIELSEN_TV_DAYPART (NIELSEN_DAYPART_ID, IS_HISPANIC, TIME_ZONE, NAME, NUMBER_QUARTER_HOURS, MIL_START_TIME, MIL_END_TIME, START_MINUTE, END_MINUTE, USE_SEGMENT, SUNDAY, MONDAY, TUESDAY, WEDNESDAY, THURSDAY, FRIDAY, SATURDAY, IS_INACTIVE) VALUES (10045320,1,'E','11:30 PM - 2:00 AM',12,2300,2600,1380,1560,0,0,1,1,1,1,1,0,0)
INSERT INTO dbo.NIELSEN_TV_DAYPART (NIELSEN_DAYPART_ID, IS_HISPANIC, TIME_ZONE, NAME, NUMBER_QUARTER_HOURS, MIL_START_TIME, MIL_END_TIME, START_MINUTE, END_MINUTE, USE_SEGMENT, SUNDAY, MONDAY, TUESDAY, WEDNESDAY, THURSDAY, FRIDAY, SATURDAY, IS_INACTIVE) VALUES (10046250,1,'E','12:00 MD - 2:00 AM',8,2400,2600,1440,1560,1,0,1,1,1,1,1,0,0)
INSERT INTO dbo.NIELSEN_TV_DAYPART (NIELSEN_DAYPART_ID, IS_HISPANIC, TIME_ZONE, NAME, NUMBER_QUARTER_HOURS, MIL_START_TIME, MIL_END_TIME, START_MINUTE, END_MINUTE, USE_SEGMENT, SUNDAY, MONDAY, TUESDAY, WEDNESDAY, THURSDAY, FRIDAY, SATURDAY, IS_INACTIVE) VALUES (10046500,0,'C','MIDNGT - 2:00am',8,2400,2600,1440,1560,1,0,1,1,1,1,1,0,0)
INSERT INTO dbo.NIELSEN_TV_DAYPART (NIELSEN_DAYPART_ID, IS_HISPANIC, TIME_ZONE, NAME, NUMBER_QUARTER_HOURS, MIL_START_TIME, MIL_END_TIME, START_MINUTE, END_MINUTE, USE_SEGMENT, SUNDAY, MONDAY, TUESDAY, WEDNESDAY, THURSDAY, FRIDAY, SATURDAY, IS_INACTIVE) VALUES (10046500,0,'E','MIDNGT - 2:00am',8,2400,2600,1440,1560,1,0,1,1,1,1,1,0,0)
INSERT INTO dbo.NIELSEN_TV_DAYPART (NIELSEN_DAYPART_ID, IS_HISPANIC, TIME_ZONE, NAME, NUMBER_QUARTER_HOURS, MIL_START_TIME, MIL_END_TIME, START_MINUTE, END_MINUTE, USE_SEGMENT, SUNDAY, MONDAY, TUESDAY, WEDNESDAY, THURSDAY, FRIDAY, SATURDAY, IS_INACTIVE) VALUES (20000400,0,'E','5:00am - 7:00am',8,500,700,300,420,1,0,0,0,0,0,0,1,0)
INSERT INTO dbo.NIELSEN_TV_DAYPART (NIELSEN_DAYPART_ID, IS_HISPANIC, TIME_ZONE, NAME, NUMBER_QUARTER_HOURS, MIL_START_TIME, MIL_END_TIME, START_MINUTE, END_MINUTE, USE_SEGMENT, SUNDAY, MONDAY, TUESDAY, WEDNESDAY, THURSDAY, FRIDAY, SATURDAY, IS_INACTIVE) VALUES (20007010,1,'E','12:00 NN - 2:00 PM',8,1200,1400,720,840,1,0,0,0,0,0,0,1,0)
INSERT INTO dbo.NIELSEN_TV_DAYPART (NIELSEN_DAYPART_ID, IS_HISPANIC, TIME_ZONE, NAME, NUMBER_QUARTER_HOURS, MIL_START_TIME, MIL_END_TIME, START_MINUTE, END_MINUTE, USE_SEGMENT, SUNDAY, MONDAY, TUESDAY, WEDNESDAY, THURSDAY, FRIDAY, SATURDAY, IS_INACTIVE) VALUES (20009010,1,'E','2:00 PM - 4:00 PM',8,1400,1600,840,960,1,0,0,0,0,0,0,1,0)
INSERT INTO dbo.NIELSEN_TV_DAYPART (NIELSEN_DAYPART_ID, IS_HISPANIC, TIME_ZONE, NAME, NUMBER_QUARTER_HOURS, MIL_START_TIME, MIL_END_TIME, START_MINUTE, END_MINUTE, USE_SEGMENT, SUNDAY, MONDAY, TUESDAY, WEDNESDAY, THURSDAY, FRIDAY, SATURDAY, IS_INACTIVE) VALUES (20011040,1,'E','4:00 PM - 7:00 PM',12,1600,1900,960,1140,1,0,0,0,0,0,0,1,0)
INSERT INTO dbo.NIELSEN_TV_DAYPART (NIELSEN_DAYPART_ID, IS_HISPANIC, TIME_ZONE, NAME, NUMBER_QUARTER_HOURS, MIL_START_TIME, MIL_END_TIME, START_MINUTE, END_MINUTE, USE_SEGMENT, SUNDAY, MONDAY, TUESDAY, WEDNESDAY, THURSDAY, FRIDAY, SATURDAY, IS_INACTIVE) VALUES (20018700,1,'E','11:00 PM - 2:00 AM',12,2300,2600,1380,1560,1,0,0,0,0,0,0,1,0)
INSERT INTO dbo.NIELSEN_TV_DAYPART (NIELSEN_DAYPART_ID, IS_HISPANIC, TIME_ZONE, NAME, NUMBER_QUARTER_HOURS, MIL_START_TIME, MIL_END_TIME, START_MINUTE, END_MINUTE, USE_SEGMENT, SUNDAY, MONDAY, TUESDAY, WEDNESDAY, THURSDAY, FRIDAY, SATURDAY, IS_INACTIVE) VALUES (20020750,1,'E','7:00 AM - 11:00 AM',16,700,1100,420,660,0,0,0,0,0,0,0,1,0)
INSERT INTO dbo.NIELSEN_TV_DAYPART (NIELSEN_DAYPART_ID, IS_HISPANIC, TIME_ZONE, NAME, NUMBER_QUARTER_HOURS, MIL_START_TIME, MIL_END_TIME, START_MINUTE, END_MINUTE, USE_SEGMENT, SUNDAY, MONDAY, TUESDAY, WEDNESDAY, THURSDAY, FRIDAY, SATURDAY, IS_INACTIVE) VALUES (20021000,0,'E','7:00am - NOON',20,700,1200,420,720,1,0,0,0,0,0,0,1,0)
INSERT INTO dbo.NIELSEN_TV_DAYPART (NIELSEN_DAYPART_ID, IS_HISPANIC, TIME_ZONE, NAME, NUMBER_QUARTER_HOURS, MIL_START_TIME, MIL_END_TIME, START_MINUTE, END_MINUTE, USE_SEGMENT, SUNDAY, MONDAY, TUESDAY, WEDNESDAY, THURSDAY, FRIDAY, SATURDAY, IS_INACTIVE) VALUES (20021000,1,'E','7:00 AM - 12:00 NN',20,700,1200,420,720,1,0,0,0,0,0,0,1,0)
INSERT INTO dbo.NIELSEN_TV_DAYPART (NIELSEN_DAYPART_ID, IS_HISPANIC, TIME_ZONE, NAME, NUMBER_QUARTER_HOURS, MIL_START_TIME, MIL_END_TIME, START_MINUTE, END_MINUTE, USE_SEGMENT, SUNDAY, MONDAY, TUESDAY, WEDNESDAY, THURSDAY, FRIDAY, SATURDAY, IS_INACTIVE) VALUES (20021100,1,'E','8:00 AM - 11:00 AM',12,800,1100,480,660,0,0,0,0,0,0,0,1,0)
INSERT INTO dbo.NIELSEN_TV_DAYPART (NIELSEN_DAYPART_ID, IS_HISPANIC, TIME_ZONE, NAME, NUMBER_QUARTER_HOURS, MIL_START_TIME, MIL_END_TIME, START_MINUTE, END_MINUTE, USE_SEGMENT, SUNDAY, MONDAY, TUESDAY, WEDNESDAY, THURSDAY, FRIDAY, SATURDAY, IS_INACTIVE) VALUES (20021500,1,'E','10:00 AM - 1:00 PM',12,1000,1300,600,780,0,0,0,0,0,0,0,1,0)
INSERT INTO dbo.NIELSEN_TV_DAYPART (NIELSEN_DAYPART_ID, IS_HISPANIC, TIME_ZONE, NAME, NUMBER_QUARTER_HOURS, MIL_START_TIME, MIL_END_TIME, START_MINUTE, END_MINUTE, USE_SEGMENT, SUNDAY, MONDAY, TUESDAY, WEDNESDAY, THURSDAY, FRIDAY, SATURDAY, IS_INACTIVE) VALUES (20022000,0,'C','NOON - 5:00pm',20,1200,1700,720,1020,1,0,0,0,0,0,0,1,0)
INSERT INTO dbo.NIELSEN_TV_DAYPART (NIELSEN_DAYPART_ID, IS_HISPANIC, TIME_ZONE, NAME, NUMBER_QUARTER_HOURS, MIL_START_TIME, MIL_END_TIME, START_MINUTE, END_MINUTE, USE_SEGMENT, SUNDAY, MONDAY, TUESDAY, WEDNESDAY, THURSDAY, FRIDAY, SATURDAY, IS_INACTIVE) VALUES (20022000,0,'E','NOON - 5:00pm',20,1200,1700,720,1020,1,0,0,0,0,0,0,1,0)
INSERT INTO dbo.NIELSEN_TV_DAYPART (NIELSEN_DAYPART_ID, IS_HISPANIC, TIME_ZONE, NAME, NUMBER_QUARTER_HOURS, MIL_START_TIME, MIL_END_TIME, START_MINUTE, END_MINUTE, USE_SEGMENT, SUNDAY, MONDAY, TUESDAY, WEDNESDAY, THURSDAY, FRIDAY, SATURDAY, IS_INACTIVE) VALUES (20022000,1,'E','12:00 NN - 5:00 PM',20,1200,1700,720,1020,0,0,0,0,0,0,0,1,0)
INSERT INTO dbo.NIELSEN_TV_DAYPART (NIELSEN_DAYPART_ID, IS_HISPANIC, TIME_ZONE, NAME, NUMBER_QUARTER_HOURS, MIL_START_TIME, MIL_END_TIME, START_MINUTE, END_MINUTE, USE_SEGMENT, SUNDAY, MONDAY, TUESDAY, WEDNESDAY, THURSDAY, FRIDAY, SATURDAY, IS_INACTIVE) VALUES (20023000,0,'C','5:00pm - 7:00pm',8,1700,1900,1020,1140,1,0,0,0,0,0,0,1,0)
INSERT INTO dbo.NIELSEN_TV_DAYPART (NIELSEN_DAYPART_ID, IS_HISPANIC, TIME_ZONE, NAME, NUMBER_QUARTER_HOURS, MIL_START_TIME, MIL_END_TIME, START_MINUTE, END_MINUTE, USE_SEGMENT, SUNDAY, MONDAY, TUESDAY, WEDNESDAY, THURSDAY, FRIDAY, SATURDAY, IS_INACTIVE) VALUES (20023000,0,'E','5:00pm - 8:00pm',12,1700,2000,1020,1200,1,0,0,0,0,0,0,1,0)
INSERT INTO dbo.NIELSEN_TV_DAYPART (NIELSEN_DAYPART_ID, IS_HISPANIC, TIME_ZONE, NAME, NUMBER_QUARTER_HOURS, MIL_START_TIME, MIL_END_TIME, START_MINUTE, END_MINUTE, USE_SEGMENT, SUNDAY, MONDAY, TUESDAY, WEDNESDAY, THURSDAY, FRIDAY, SATURDAY, IS_INACTIVE) VALUES (20025100,1,'E','7:00 PM - 11:00 PM',16,1900,2300,1140,1380,1,0,0,0,0,0,0,1,0)
INSERT INTO dbo.NIELSEN_TV_DAYPART (NIELSEN_DAYPART_ID, IS_HISPANIC, TIME_ZONE, NAME, NUMBER_QUARTER_HOURS, MIL_START_TIME, MIL_END_TIME, START_MINUTE, END_MINUTE, USE_SEGMENT, SUNDAY, MONDAY, TUESDAY, WEDNESDAY, THURSDAY, FRIDAY, SATURDAY, IS_INACTIVE) VALUES (20025900,1,'E','8:00 PM - 11:30 PM',14,2000,2330,1200,1410,0,0,0,0,0,0,0,1,0)
INSERT INTO dbo.NIELSEN_TV_DAYPART (NIELSEN_DAYPART_ID, IS_HISPANIC, TIME_ZONE, NAME, NUMBER_QUARTER_HOURS, MIL_START_TIME, MIL_END_TIME, START_MINUTE, END_MINUTE, USE_SEGMENT, SUNDAY, MONDAY, TUESDAY, WEDNESDAY, THURSDAY, FRIDAY, SATURDAY, IS_INACTIVE) VALUES (30000600,0,'C','5:00am - 7:00am',8,500,700,300,420,1,1,0,0,0,0,0,0,0)
INSERT INTO dbo.NIELSEN_TV_DAYPART (NIELSEN_DAYPART_ID, IS_HISPANIC, TIME_ZONE, NAME, NUMBER_QUARTER_HOURS, MIL_START_TIME, MIL_END_TIME, START_MINUTE, END_MINUTE, USE_SEGMENT, SUNDAY, MONDAY, TUESDAY, WEDNESDAY, THURSDAY, FRIDAY, SATURDAY, IS_INACTIVE) VALUES (30000600,0,'E','5:00am - 7:00am',8,500,700,300,420,1,1,0,0,0,0,0,0,0)
INSERT INTO dbo.NIELSEN_TV_DAYPART (NIELSEN_DAYPART_ID, IS_HISPANIC, TIME_ZONE, NAME, NUMBER_QUARTER_HOURS, MIL_START_TIME, MIL_END_TIME, START_MINUTE, END_MINUTE, USE_SEGMENT, SUNDAY, MONDAY, TUESDAY, WEDNESDAY, THURSDAY, FRIDAY, SATURDAY, IS_INACTIVE) VALUES (30013000,0,'C','6:00pm - 7:00pm',4,1800,1900,1080,1140,1,1,0,0,0,0,0,0,0)
INSERT INTO dbo.NIELSEN_TV_DAYPART (NIELSEN_DAYPART_ID, IS_HISPANIC, TIME_ZONE, NAME, NUMBER_QUARTER_HOURS, MIL_START_TIME, MIL_END_TIME, START_MINUTE, END_MINUTE, USE_SEGMENT, SUNDAY, MONDAY, TUESDAY, WEDNESDAY, THURSDAY, FRIDAY, SATURDAY, IS_INACTIVE) VALUES (30013000,0,'E','6:00pm - 7:00pm',4,1800,1900,1080,1140,1,1,0,0,0,0,0,0,0)
INSERT INTO dbo.NIELSEN_TV_DAYPART (NIELSEN_DAYPART_ID, IS_HISPANIC, TIME_ZONE, NAME, NUMBER_QUARTER_HOURS, MIL_START_TIME, MIL_END_TIME, START_MINUTE, END_MINUTE, USE_SEGMENT, SUNDAY, MONDAY, TUESDAY, WEDNESDAY, THURSDAY, FRIDAY, SATURDAY, IS_INACTIVE) VALUES (30014000,0,'C','7:00pm - 8:00pm',4,1900,2000,1140,1200,1,1,0,0,0,0,0,0,0)
INSERT INTO dbo.NIELSEN_TV_DAYPART (NIELSEN_DAYPART_ID, IS_HISPANIC, TIME_ZONE, NAME, NUMBER_QUARTER_HOURS, MIL_START_TIME, MIL_END_TIME, START_MINUTE, END_MINUTE, USE_SEGMENT, SUNDAY, MONDAY, TUESDAY, WEDNESDAY, THURSDAY, FRIDAY, SATURDAY, IS_INACTIVE) VALUES (30014000,0,'E','7:00pm - 8:00pm',4,1900,2000,1140,1200,1,1,0,0,0,0,0,0,0)
INSERT INTO dbo.NIELSEN_TV_DAYPART (NIELSEN_DAYPART_ID, IS_HISPANIC, TIME_ZONE, NAME, NUMBER_QUARTER_HOURS, MIL_START_TIME, MIL_END_TIME, START_MINUTE, END_MINUTE, USE_SEGMENT, SUNDAY, MONDAY, TUESDAY, WEDNESDAY, THURSDAY, FRIDAY, SATURDAY, IS_INACTIVE) VALUES (30014250,1,'E','7:00 PM - 11:00 PM',16,1900,2300,1140,1380,1,1,0,0,0,0,0,0,0)
INSERT INTO dbo.NIELSEN_TV_DAYPART (NIELSEN_DAYPART_ID, IS_HISPANIC, TIME_ZONE, NAME, NUMBER_QUARTER_HOURS, MIL_START_TIME, MIL_END_TIME, START_MINUTE, END_MINUTE, USE_SEGMENT, SUNDAY, MONDAY, TUESDAY, WEDNESDAY, THURSDAY, FRIDAY, SATURDAY, IS_INACTIVE) VALUES (30021000,0,'C','1:00pm - 6:00pm',20,1300,1800,780,1080,1,1,0,0,0,0,0,0,0)
INSERT INTO dbo.NIELSEN_TV_DAYPART (NIELSEN_DAYPART_ID, IS_HISPANIC, TIME_ZONE, NAME, NUMBER_QUARTER_HOURS, MIL_START_TIME, MIL_END_TIME, START_MINUTE, END_MINUTE, USE_SEGMENT, SUNDAY, MONDAY, TUESDAY, WEDNESDAY, THURSDAY, FRIDAY, SATURDAY, IS_INACTIVE) VALUES (30021000,0,'E','1:00pm - 6:00pm',20,1300,1800,780,1080,1,1,0,0,0,0,0,0,0)
INSERT INTO dbo.NIELSEN_TV_DAYPART (NIELSEN_DAYPART_ID, IS_HISPANIC, TIME_ZONE, NAME, NUMBER_QUARTER_HOURS, MIL_START_TIME, MIL_END_TIME, START_MINUTE, END_MINUTE, USE_SEGMENT, SUNDAY, MONDAY, TUESDAY, WEDNESDAY, THURSDAY, FRIDAY, SATURDAY, IS_INACTIVE) VALUES (30021250,1,'E','1:00 PM - 7:00 PM',24,1300,1900,780,1140,1,1,0,0,0,0,0,0,0)
INSERT INTO dbo.NIELSEN_TV_DAYPART (NIELSEN_DAYPART_ID, IS_HISPANIC, TIME_ZONE, NAME, NUMBER_QUARTER_HOURS, MIL_START_TIME, MIL_END_TIME, START_MINUTE, END_MINUTE, USE_SEGMENT, SUNDAY, MONDAY, TUESDAY, WEDNESDAY, THURSDAY, FRIDAY, SATURDAY, IS_INACTIVE) VALUES (30021330,1,'E','2:00 PM - 7:00 PM',20,1400,1900,840,1140,0,1,0,0,0,0,0,0,0)
INSERT INTO dbo.NIELSEN_TV_DAYPART (NIELSEN_DAYPART_ID, IS_HISPANIC, TIME_ZONE, NAME, NUMBER_QUARTER_HOURS, MIL_START_TIME, MIL_END_TIME, START_MINUTE, END_MINUTE, USE_SEGMENT, SUNDAY, MONDAY, TUESDAY, WEDNESDAY, THURSDAY, FRIDAY, SATURDAY, IS_INACTIVE) VALUES (30022000,0,'C','7:00am - 1:00pm',24,700,1300,420,780,1,1,0,0,0,0,0,0,0)
INSERT INTO dbo.NIELSEN_TV_DAYPART (NIELSEN_DAYPART_ID, IS_HISPANIC, TIME_ZONE, NAME, NUMBER_QUARTER_HOURS, MIL_START_TIME, MIL_END_TIME, START_MINUTE, END_MINUTE, USE_SEGMENT, SUNDAY, MONDAY, TUESDAY, WEDNESDAY, THURSDAY, FRIDAY, SATURDAY, IS_INACTIVE) VALUES (30022000,0,'E','7:00am - 1:00pm',24,700,1300,420,780,1,1,0,0,0,0,0,0,0)
INSERT INTO dbo.NIELSEN_TV_DAYPART (NIELSEN_DAYPART_ID, IS_HISPANIC, TIME_ZONE, NAME, NUMBER_QUARTER_HOURS, MIL_START_TIME, MIL_END_TIME, START_MINUTE, END_MINUTE, USE_SEGMENT, SUNDAY, MONDAY, TUESDAY, WEDNESDAY, THURSDAY, FRIDAY, SATURDAY, IS_INACTIVE) VALUES (30024000,1,'E','10:00 AM - 1:00 PM',12,1000,1300,600,780,1,1,0,0,0,0,0,0,0)
INSERT INTO dbo.NIELSEN_TV_DAYPART (NIELSEN_DAYPART_ID, IS_HISPANIC, TIME_ZONE, NAME, NUMBER_QUARTER_HOURS, MIL_START_TIME, MIL_END_TIME, START_MINUTE, END_MINUTE, USE_SEGMENT, SUNDAY, MONDAY, TUESDAY, WEDNESDAY, THURSDAY, FRIDAY, SATURDAY, IS_INACTIVE) VALUES (30024200,1,'E','10:00 AM - 2:00 PM',16,1000,1400,600,840,0,1,0,0,0,0,0,0,0)
INSERT INTO dbo.NIELSEN_TV_DAYPART (NIELSEN_DAYPART_ID, IS_HISPANIC, TIME_ZONE, NAME, NUMBER_QUARTER_HOURS, MIL_START_TIME, MIL_END_TIME, START_MINUTE, END_MINUTE, USE_SEGMENT, SUNDAY, MONDAY, TUESDAY, WEDNESDAY, THURSDAY, FRIDAY, SATURDAY, IS_INACTIVE) VALUES (40001300,1,'E','9:00 AM - 12:00 MD',60,900,2400,540,1440,0,1,0,0,0,0,0,1,0)
INSERT INTO dbo.NIELSEN_TV_DAYPART (NIELSEN_DAYPART_ID, IS_HISPANIC, TIME_ZONE, NAME, NUMBER_QUARTER_HOURS, MIL_START_TIME, MIL_END_TIME, START_MINUTE, END_MINUTE, USE_SEGMENT, SUNDAY, MONDAY, TUESDAY, WEDNESDAY, THURSDAY, FRIDAY, SATURDAY, IS_INACTIVE) VALUES (40003000,0,'C','10:00pm - 10:30pm',2,2200,2230,1320,1350,0,1,0,0,0,0,0,1,0)
INSERT INTO dbo.NIELSEN_TV_DAYPART (NIELSEN_DAYPART_ID, IS_HISPANIC, TIME_ZONE, NAME, NUMBER_QUARTER_HOURS, MIL_START_TIME, MIL_END_TIME, START_MINUTE, END_MINUTE, USE_SEGMENT, SUNDAY, MONDAY, TUESDAY, WEDNESDAY, THURSDAY, FRIDAY, SATURDAY, IS_INACTIVE) VALUES (40003000,0,'E','11:00pm - 11:30pm',2,2300,2330,1380,1410,0,1,0,0,0,0,0,1,0)
INSERT INTO dbo.NIELSEN_TV_DAYPART (NIELSEN_DAYPART_ID, IS_HISPANIC, TIME_ZONE, NAME, NUMBER_QUARTER_HOURS, MIL_START_TIME, MIL_END_TIME, START_MINUTE, END_MINUTE, USE_SEGMENT, SUNDAY, MONDAY, TUESDAY, WEDNESDAY, THURSDAY, FRIDAY, SATURDAY, IS_INACTIVE) VALUES (40004000,0,'C','10:30pm - 2:00am',14,2230,2600,1350,1560,0,1,0,0,0,0,0,1,0)
INSERT INTO dbo.NIELSEN_TV_DAYPART (NIELSEN_DAYPART_ID, IS_HISPANIC, TIME_ZONE, NAME, NUMBER_QUARTER_HOURS, MIL_START_TIME, MIL_END_TIME, START_MINUTE, END_MINUTE, USE_SEGMENT, SUNDAY, MONDAY, TUESDAY, WEDNESDAY, THURSDAY, FRIDAY, SATURDAY, IS_INACTIVE) VALUES (40004000,0,'E','11:30pm - 2:00am',10,2330,2600,1410,1560,0,1,0,0,0,0,0,1,0)
INSERT INTO dbo.NIELSEN_TV_DAYPART (NIELSEN_DAYPART_ID, IS_HISPANIC, TIME_ZONE, NAME, NUMBER_QUARTER_HOURS, MIL_START_TIME, MIL_END_TIME, START_MINUTE, END_MINUTE, USE_SEGMENT, SUNDAY, MONDAY, TUESDAY, WEDNESDAY, THURSDAY, FRIDAY, SATURDAY, IS_INACTIVE) VALUES (50000100,0,'C','5:00am - 2:00am',84,500,2600,300,1560,0,1,1,1,1,1,1,1,0)
INSERT INTO dbo.NIELSEN_TV_DAYPART (NIELSEN_DAYPART_ID, IS_HISPANIC, TIME_ZONE, NAME, NUMBER_QUARTER_HOURS, MIL_START_TIME, MIL_END_TIME, START_MINUTE, END_MINUTE, USE_SEGMENT, SUNDAY, MONDAY, TUESDAY, WEDNESDAY, THURSDAY, FRIDAY, SATURDAY, IS_INACTIVE) VALUES (50000100,0,'E','5:00am - 2:00am',84,500,2600,300,1560,0,1,1,1,1,1,1,1,0)
INSERT INTO dbo.NIELSEN_TV_DAYPART (NIELSEN_DAYPART_ID, IS_HISPANIC, TIME_ZONE, NAME, NUMBER_QUARTER_HOURS, MIL_START_TIME, MIL_END_TIME, START_MINUTE, END_MINUTE, USE_SEGMENT, SUNDAY, MONDAY, TUESDAY, WEDNESDAY, THURSDAY, FRIDAY, SATURDAY, IS_INACTIVE) VALUES (50000100,1,'E','5:00 AM - 2:00 AM',84,500,2600,300,1560,0,1,1,1,1,1,1,1,0)
INSERT INTO dbo.NIELSEN_TV_DAYPART (NIELSEN_DAYPART_ID, IS_HISPANIC, TIME_ZONE, NAME, NUMBER_QUARTER_HOURS, MIL_START_TIME, MIL_END_TIME, START_MINUTE, END_MINUTE, USE_SEGMENT, SUNDAY, MONDAY, TUESDAY, WEDNESDAY, THURSDAY, FRIDAY, SATURDAY, IS_INACTIVE) VALUES (50000250,0,'C','6:00am - 2:00am',80,600,2600,360,1560,0,1,1,1,1,1,1,1,0)
INSERT INTO dbo.NIELSEN_TV_DAYPART (NIELSEN_DAYPART_ID, IS_HISPANIC, TIME_ZONE, NAME, NUMBER_QUARTER_HOURS, MIL_START_TIME, MIL_END_TIME, START_MINUTE, END_MINUTE, USE_SEGMENT, SUNDAY, MONDAY, TUESDAY, WEDNESDAY, THURSDAY, FRIDAY, SATURDAY, IS_INACTIVE) VALUES (50000250,0,'E','6:00am - 2:00am',80,600,2600,360,1560,0,1,1,1,1,1,1,1,0)
INSERT INTO dbo.NIELSEN_TV_DAYPART (NIELSEN_DAYPART_ID, IS_HISPANIC, TIME_ZONE, NAME, NUMBER_QUARTER_HOURS, MIL_START_TIME, MIL_END_TIME, START_MINUTE, END_MINUTE, USE_SEGMENT, SUNDAY, MONDAY, TUESDAY, WEDNESDAY, THURSDAY, FRIDAY, SATURDAY, IS_INACTIVE) VALUES (50001000,0,'C','7:00am - 1:00am',72,700,2500,420,1500,0,1,1,1,1,1,1,1,0)
INSERT INTO dbo.NIELSEN_TV_DAYPART (NIELSEN_DAYPART_ID, IS_HISPANIC, TIME_ZONE, NAME, NUMBER_QUARTER_HOURS, MIL_START_TIME, MIL_END_TIME, START_MINUTE, END_MINUTE, USE_SEGMENT, SUNDAY, MONDAY, TUESDAY, WEDNESDAY, THURSDAY, FRIDAY, SATURDAY, IS_INACTIVE) VALUES (50001000,0,'E','7:00am - 1:00am',72,700,2500,420,1500,0,1,1,1,1,1,1,1,0)
INSERT INTO dbo.NIELSEN_TV_DAYPART (NIELSEN_DAYPART_ID, IS_HISPANIC, TIME_ZONE, NAME, NUMBER_QUARTER_HOURS, MIL_START_TIME, MIL_END_TIME, START_MINUTE, END_MINUTE, USE_SEGMENT, SUNDAY, MONDAY, TUESDAY, WEDNESDAY, THURSDAY, FRIDAY, SATURDAY, IS_INACTIVE) VALUES (50001000,1,'E','7:00 AM - 1:00 AM',72,700,2500,420,1500,0,1,1,1,1,1,1,1,0)
INSERT INTO dbo.NIELSEN_TV_DAYPART (NIELSEN_DAYPART_ID, IS_HISPANIC, TIME_ZONE, NAME, NUMBER_QUARTER_HOURS, MIL_START_TIME, MIL_END_TIME, START_MINUTE, END_MINUTE, USE_SEGMENT, SUNDAY, MONDAY, TUESDAY, WEDNESDAY, THURSDAY, FRIDAY, SATURDAY, IS_INACTIVE) VALUES (50001400,1,'E','9:00 AM - 6:00 PM',36,900,1800,540,1080,0,1,0,0,0,0,0,1,0)
INSERT INTO dbo.NIELSEN_TV_DAYPART (NIELSEN_DAYPART_ID, IS_HISPANIC, TIME_ZONE, NAME, NUMBER_QUARTER_HOURS, MIL_START_TIME, MIL_END_TIME, START_MINUTE, END_MINUTE, USE_SEGMENT, SUNDAY, MONDAY, TUESDAY, WEDNESDAY, THURSDAY, FRIDAY, SATURDAY, IS_INACTIVE) VALUES (50001900,1,'E','9:00 AM - 12:00 MD',60,900,2400,540,1440,0,1,0,0,0,0,0,1,0)
INSERT INTO dbo.NIELSEN_TV_DAYPART (NIELSEN_DAYPART_ID, IS_HISPANIC, TIME_ZONE, NAME, NUMBER_QUARTER_HOURS, MIL_START_TIME, MIL_END_TIME, START_MINUTE, END_MINUTE, USE_SEGMENT, SUNDAY, MONDAY, TUESDAY, WEDNESDAY, THURSDAY, FRIDAY, SATURDAY, IS_INACTIVE) VALUES (50002000,0,'C','9:00am - MIDNGT',60,900,2400,540,1440,0,1,1,1,1,1,1,1,0)
INSERT INTO dbo.NIELSEN_TV_DAYPART (NIELSEN_DAYPART_ID, IS_HISPANIC, TIME_ZONE, NAME, NUMBER_QUARTER_HOURS, MIL_START_TIME, MIL_END_TIME, START_MINUTE, END_MINUTE, USE_SEGMENT, SUNDAY, MONDAY, TUESDAY, WEDNESDAY, THURSDAY, FRIDAY, SATURDAY, IS_INACTIVE) VALUES (50002000,0,'E','9:00am - MIDNGT',60,900,2400,540,1440,0,1,1,1,1,1,1,1,0)
INSERT INTO dbo.NIELSEN_TV_DAYPART (NIELSEN_DAYPART_ID, IS_HISPANIC, TIME_ZONE, NAME, NUMBER_QUARTER_HOURS, MIL_START_TIME, MIL_END_TIME, START_MINUTE, END_MINUTE, USE_SEGMENT, SUNDAY, MONDAY, TUESDAY, WEDNESDAY, THURSDAY, FRIDAY, SATURDAY, IS_INACTIVE) VALUES (50002010,1,'E','12:00 NN - 6:00 PM',24,1200,1800,720,1080,0,1,0,0,0,0,0,1,0)
INSERT INTO dbo.NIELSEN_TV_DAYPART (NIELSEN_DAYPART_ID, IS_HISPANIC, TIME_ZONE, NAME, NUMBER_QUARTER_HOURS, MIL_START_TIME, MIL_END_TIME, START_MINUTE, END_MINUTE, USE_SEGMENT, SUNDAY, MONDAY, TUESDAY, WEDNESDAY, THURSDAY, FRIDAY, SATURDAY, IS_INACTIVE) VALUES (50002030,1,'E','12:00 NN - 11:00 PM',44,1200,2300,720,1380,0,1,0,0,0,0,0,1,0)
INSERT INTO dbo.NIELSEN_TV_DAYPART (NIELSEN_DAYPART_ID, IS_HISPANIC, TIME_ZONE, NAME, NUMBER_QUARTER_HOURS, MIL_START_TIME, MIL_END_TIME, START_MINUTE, END_MINUTE, USE_SEGMENT, SUNDAY, MONDAY, TUESDAY, WEDNESDAY, THURSDAY, FRIDAY, SATURDAY, IS_INACTIVE) VALUES (50002150,1,'E','6:00 PM - 7:00 PM',4,1800,1900,1080,1140,0,1,0,0,0,0,0,1,0)
INSERT INTO dbo.NIELSEN_TV_DAYPART (NIELSEN_DAYPART_ID, IS_HISPANIC, TIME_ZONE, NAME, NUMBER_QUARTER_HOURS, MIL_START_TIME, MIL_END_TIME, START_MINUTE, END_MINUTE, USE_SEGMENT, SUNDAY, MONDAY, TUESDAY, WEDNESDAY, THURSDAY, FRIDAY, SATURDAY, IS_INACTIVE) VALUES (50002520,1,'E','7:00 PM - 10:00 PM',12,1900,2200,1140,1320,0,1,0,0,0,0,0,1,0)
INSERT INTO dbo.NIELSEN_TV_DAYPART (NIELSEN_DAYPART_ID, IS_HISPANIC, TIME_ZONE, NAME, NUMBER_QUARTER_HOURS, MIL_START_TIME, MIL_END_TIME, START_MINUTE, END_MINUTE, USE_SEGMENT, SUNDAY, MONDAY, TUESDAY, WEDNESDAY, THURSDAY, FRIDAY, SATURDAY, IS_INACTIVE) VALUES (50002600,1,'E','7:00 PM - 11:00 PM',16,1900,2300,1140,1380,0,1,0,0,0,0,0,1,0)
INSERT INTO dbo.NIELSEN_TV_DAYPART (NIELSEN_DAYPART_ID, IS_HISPANIC, TIME_ZONE, NAME, NUMBER_QUARTER_HOURS, MIL_START_TIME, MIL_END_TIME, START_MINUTE, END_MINUTE, USE_SEGMENT, SUNDAY, MONDAY, TUESDAY, WEDNESDAY, THURSDAY, FRIDAY, SATURDAY, IS_INACTIVE) VALUES (50002650,1,'E','7:00 PM - 12:00 MD',20,1900,2400,1140,1440,0,1,0,0,0,0,0,1,0)
INSERT INTO dbo.NIELSEN_TV_DAYPART (NIELSEN_DAYPART_ID, IS_HISPANIC, TIME_ZONE, NAME, NUMBER_QUARTER_HOURS, MIL_START_TIME, MIL_END_TIME, START_MINUTE, END_MINUTE, USE_SEGMENT, SUNDAY, MONDAY, TUESDAY, WEDNESDAY, THURSDAY, FRIDAY, SATURDAY, IS_INACTIVE) VALUES (50002700,1,'E','7:00 PM - 1:00 AM',24,1900,2500,1140,1500,0,1,0,0,0,0,0,1,0)
INSERT INTO dbo.NIELSEN_TV_DAYPART (NIELSEN_DAYPART_ID, IS_HISPANIC, TIME_ZONE, NAME, NUMBER_QUARTER_HOURS, MIL_START_TIME, MIL_END_TIME, START_MINUTE, END_MINUTE, USE_SEGMENT, SUNDAY, MONDAY, TUESDAY, WEDNESDAY, THURSDAY, FRIDAY, SATURDAY, IS_INACTIVE) VALUES (50003000,0,'C','7:00pm - 8:00pm',4,2000,2100,1200,1260,0,1,1,1,1,1,1,1,0)
INSERT INTO dbo.NIELSEN_TV_DAYPART (NIELSEN_DAYPART_ID, IS_HISPANIC, TIME_ZONE, NAME, NUMBER_QUARTER_HOURS, MIL_START_TIME, MIL_END_TIME, START_MINUTE, END_MINUTE, USE_SEGMENT, SUNDAY, MONDAY, TUESDAY, WEDNESDAY, THURSDAY, FRIDAY, SATURDAY, IS_INACTIVE) VALUES (50003000,0,'E','8:00pm - 9:00pm',4,2000,2100,1200,1260,0,1,1,1,1,1,1,1,0)
INSERT INTO dbo.NIELSEN_TV_DAYPART (NIELSEN_DAYPART_ID, IS_HISPANIC, TIME_ZONE, NAME, NUMBER_QUARTER_HOURS, MIL_START_TIME, MIL_END_TIME, START_MINUTE, END_MINUTE, USE_SEGMENT, SUNDAY, MONDAY, TUESDAY, WEDNESDAY, THURSDAY, FRIDAY, SATURDAY, IS_INACTIVE) VALUES (50004000,0,'C','7:00pm - 10:00pm',12,2000,2300,1200,1380,0,1,1,1,1,1,1,1,0)
INSERT INTO dbo.NIELSEN_TV_DAYPART (NIELSEN_DAYPART_ID, IS_HISPANIC, TIME_ZONE, NAME, NUMBER_QUARTER_HOURS, MIL_START_TIME, MIL_END_TIME, START_MINUTE, END_MINUTE, USE_SEGMENT, SUNDAY, MONDAY, TUESDAY, WEDNESDAY, THURSDAY, FRIDAY, SATURDAY, IS_INACTIVE) VALUES (50004000,0,'E','8:00pm - 11:00pm',12,2000,2300,1200,1380,0,1,1,1,1,1,1,1,0)
INSERT INTO dbo.NIELSEN_TV_DAYPART (NIELSEN_DAYPART_ID, IS_HISPANIC, TIME_ZONE, NAME, NUMBER_QUARTER_HOURS, MIL_START_TIME, MIL_END_TIME, START_MINUTE, END_MINUTE, USE_SEGMENT, SUNDAY, MONDAY, TUESDAY, WEDNESDAY, THURSDAY, FRIDAY, SATURDAY, IS_INACTIVE) VALUES (50004000,1,'E','8:00 PM - 11:00 PM',12,2000,2300,1200,1380,0,1,1,1,1,1,1,1,0)
INSERT INTO dbo.NIELSEN_TV_DAYPART (NIELSEN_DAYPART_ID, IS_HISPANIC, TIME_ZONE, NAME, NUMBER_QUARTER_HOURS, MIL_START_TIME, MIL_END_TIME, START_MINUTE, END_MINUTE, USE_SEGMENT, SUNDAY, MONDAY, TUESDAY, WEDNESDAY, THURSDAY, FRIDAY, SATURDAY, IS_INACTIVE) VALUES (50005500,0,'C','9:00pm - 11:00pm',8,2100,2300,1260,1380,0,1,1,1,1,1,1,1,0)
INSERT INTO dbo.NIELSEN_TV_DAYPART (NIELSEN_DAYPART_ID, IS_HISPANIC, TIME_ZONE, NAME, NUMBER_QUARTER_HOURS, MIL_START_TIME, MIL_END_TIME, START_MINUTE, END_MINUTE, USE_SEGMENT, SUNDAY, MONDAY, TUESDAY, WEDNESDAY, THURSDAY, FRIDAY, SATURDAY, IS_INACTIVE) VALUES (50006000,0,'C','8:00pm - 10:00pm',8,2000,2200,1200,1320,0,1,1,1,1,1,1,1,0)
INSERT INTO dbo.NIELSEN_TV_DAYPART (NIELSEN_DAYPART_ID, IS_HISPANIC, TIME_ZONE, NAME, NUMBER_QUARTER_HOURS, MIL_START_TIME, MIL_END_TIME, START_MINUTE, END_MINUTE, USE_SEGMENT, SUNDAY, MONDAY, TUESDAY, WEDNESDAY, THURSDAY, FRIDAY, SATURDAY, IS_INACTIVE) VALUES (50006000,0,'E','9:00pm - 11:00pm',8,2100,2300,1260,1380,0,1,1,1,1,1,1,1,0)
INSERT INTO dbo.NIELSEN_TV_DAYPART (NIELSEN_DAYPART_ID, IS_HISPANIC, TIME_ZONE, NAME, NUMBER_QUARTER_HOURS, MIL_START_TIME, MIL_END_TIME, START_MINUTE, END_MINUTE, USE_SEGMENT, SUNDAY, MONDAY, TUESDAY, WEDNESDAY, THURSDAY, FRIDAY, SATURDAY, IS_INACTIVE) VALUES (50006000,1,'E','9:00 PM - 11:00 PM',8,2100,2300,1260,1380,0,1,1,1,1,1,1,1,0)
INSERT INTO dbo.NIELSEN_TV_DAYPART (NIELSEN_DAYPART_ID, IS_HISPANIC, TIME_ZONE, NAME, NUMBER_QUARTER_HOURS, MIL_START_TIME, MIL_END_TIME, START_MINUTE, END_MINUTE, USE_SEGMENT, SUNDAY, MONDAY, TUESDAY, WEDNESDAY, THURSDAY, FRIDAY, SATURDAY, IS_INACTIVE) VALUES (50007000,0,'C','10:00pm - 10:30pm',2,2200,2230,1320,1350,0,1,1,1,1,1,1,1,0)
INSERT INTO dbo.NIELSEN_TV_DAYPART (NIELSEN_DAYPART_ID, IS_HISPANIC, TIME_ZONE, NAME, NUMBER_QUARTER_HOURS, MIL_START_TIME, MIL_END_TIME, START_MINUTE, END_MINUTE, USE_SEGMENT, SUNDAY, MONDAY, TUESDAY, WEDNESDAY, THURSDAY, FRIDAY, SATURDAY, IS_INACTIVE) VALUES (50007000,0,'E','11:00pm - 11:30pm',2,2300,2330,1380,1410,0,1,1,1,1,1,1,1,0)
INSERT INTO dbo.NIELSEN_TV_DAYPART (NIELSEN_DAYPART_ID, IS_HISPANIC, TIME_ZONE, NAME, NUMBER_QUARTER_HOURS, MIL_START_TIME, MIL_END_TIME, START_MINUTE, END_MINUTE, USE_SEGMENT, SUNDAY, MONDAY, TUESDAY, WEDNESDAY, THURSDAY, FRIDAY, SATURDAY, IS_INACTIVE) VALUES (50007000,1,'E','11:00 PM - 11:30 PM',2,2300,2330,1380,1410,0,1,1,1,1,1,1,1,0)
INSERT INTO dbo.NIELSEN_TV_DAYPART (NIELSEN_DAYPART_ID, IS_HISPANIC, TIME_ZONE, NAME, NUMBER_QUARTER_HOURS, MIL_START_TIME, MIL_END_TIME, START_MINUTE, END_MINUTE, USE_SEGMENT, SUNDAY, MONDAY, TUESDAY, WEDNESDAY, THURSDAY, FRIDAY, SATURDAY, IS_INACTIVE) VALUES (50008100,1,'E','11:00 PM - 2:00 AM',12,2300,2600,1380,1560,0,1,0,0,0,0,0,1,0)
INSERT INTO dbo.NIELSEN_TV_DAYPART (NIELSEN_DAYPART_ID, IS_HISPANIC, TIME_ZONE, NAME, NUMBER_QUARTER_HOURS, MIL_START_TIME, MIL_END_TIME, START_MINUTE, END_MINUTE, USE_SEGMENT, SUNDAY, MONDAY, TUESDAY, WEDNESDAY, THURSDAY, FRIDAY, SATURDAY, IS_INACTIVE) VALUES (50008550,1,'E','11:30 PM - 1:30 AM',8,2330,2530,1410,1530,0,1,0,0,0,0,0,1,0)
INSERT INTO dbo.NIELSEN_TV_DAYPART (NIELSEN_DAYPART_ID, IS_HISPANIC, TIME_ZONE, NAME, NUMBER_QUARTER_HOURS, MIL_START_TIME, MIL_END_TIME, START_MINUTE, END_MINUTE, USE_SEGMENT, SUNDAY, MONDAY, TUESDAY, WEDNESDAY, THURSDAY, FRIDAY, SATURDAY, IS_INACTIVE) VALUES (50009000,0,'C','6:30pm - 10:00pm',14,1830,2200,1110,1320,0,1,1,1,1,1,1,1,0)
INSERT INTO dbo.NIELSEN_TV_DAYPART (NIELSEN_DAYPART_ID, IS_HISPANIC, TIME_ZONE, NAME, NUMBER_QUARTER_HOURS, MIL_START_TIME, MIL_END_TIME, START_MINUTE, END_MINUTE, USE_SEGMENT, SUNDAY, MONDAY, TUESDAY, WEDNESDAY, THURSDAY, FRIDAY, SATURDAY, IS_INACTIVE) VALUES (50009000,0,'E','7:30pm - 11:00pm',14,1930,2300,1170,1380,0,1,1,1,1,1,1,1,0)
INSERT INTO dbo.NIELSEN_TV_DAYPART (NIELSEN_DAYPART_ID, IS_HISPANIC, TIME_ZONE, NAME, NUMBER_QUARTER_HOURS, MIL_START_TIME, MIL_END_TIME, START_MINUTE, END_MINUTE, USE_SEGMENT, SUNDAY, MONDAY, TUESDAY, WEDNESDAY, THURSDAY, FRIDAY, SATURDAY, IS_INACTIVE) VALUES (50009230,0,'C','3:00am - 3:00am',96,300,2700,180,1620,0,1,1,1,1,1,1,1,0)
INSERT INTO dbo.NIELSEN_TV_DAYPART (NIELSEN_DAYPART_ID, IS_HISPANIC, TIME_ZONE, NAME, NUMBER_QUARTER_HOURS, MIL_START_TIME, MIL_END_TIME, START_MINUTE, END_MINUTE, USE_SEGMENT, SUNDAY, MONDAY, TUESDAY, WEDNESDAY, THURSDAY, FRIDAY, SATURDAY, IS_INACTIVE) VALUES (50009230,0,'E','3:00am - 3:00am',96,300,2700,180,1620,0,1,1,1,1,1,1,1,0)
INSERT INTO dbo.NIELSEN_TV_DAYPART (NIELSEN_DAYPART_ID, IS_HISPANIC, TIME_ZONE, NAME, NUMBER_QUARTER_HOURS, MIL_START_TIME, MIL_END_TIME, START_MINUTE, END_MINUTE, USE_SEGMENT, SUNDAY, MONDAY, TUESDAY, WEDNESDAY, THURSDAY, FRIDAY, SATURDAY, IS_INACTIVE) VALUES (50009230,1,'E','3:00 AM  3:00 AM',96,300,2700,180,1620,0,1,1,1,1,1,1,1,0)
